observation_date,DSWP1,DSWP2,DSWP3,DSWP4,DSWP5,DSWP7,DSWP10,DSWP30
2011-10-28,0.55,0.61,0.79,1.09,1.41,1.97,2.46,3.12
2011-10-31,0.52,0.56,0.73,1.01,1.32,1.86,2.36,3.00
2011-11-01,0.55,0.58,0.71,0.96,1.24,1.73,2.18,2.78
2011-11-02,0.54,0.58,0.71,0.96,1.25,1.75,2.22,2.86
2011-11-03,0.55,0.57,0.70,0.95,1.23,1.74,2.21,2.87
2011-11-04,0.56,0.59,0.71,0.94,1.22,1.73,2.21,2.88
2011-11-07,0.56,0.59,0.71,0.94,1.21,1.70,2.17,2.82
2011-11-08,0.58,0.60,0.72,0.96,1.24,1.73,2.19,2.83
2011-11-09,0.61,0.64,0.75,0.98,1.24,1.71,2.16,2.79
2011-11-10,0.62,0.66,0.78,1.02,1.29,1.76,2.21,2.84
2011-11-14,0.64,0.70,0.83,1.06,1.33,1.80,2.25,2.86
2011-11-15,0.67,0.71,0.83,1.05,1.32,1.77,2.20,2.80
2011-11-16,0.68,0.73,0.84,1.07,1.32,1.78,2.22,2.81
2011-11-17,0.75,0.79,0.89,1.10,1.35,1.79,2.22,2.78
2011-11-18,0.74,0.78,0.89,1.10,1.35,1.79,2.20,2.74
2011-11-21,0.76,0.79,0.90,1.09,1.33,1.75,2.14,2.66
2011-11-22,0.75,0.79,0.90,1.10,1.35,1.76,2.15,2.66
2011-11-23,0.77,0.80,0.90,1.10,1.34,1.75,2.13,2.60
2011-11-25,0.78,0.82,0.92,1.12,1.36,1.77,2.15,2.62
2011-11-28,0.76,0.80,0.92,1.14,1.39,1.82,2.21,2.70
2011-11-29,0.74,0.79,0.90,1.12,1.38,1.82,2.22,2.70
2011-11-30,0.62,0.66,0.80,1.05,1.33,1.80,2.23,2.75
2011-12-01,0.61,0.67,0.81,1.06,1.34,1.82,2.26,2.81
2011-12-02,0.64,0.71,0.86,1.11,1.39,1.85,2.28,2.80
2011-12-05,0.62,0.68,0.83,1.08,1.35,1.81,2.24,2.77
2011-12-06,0.64,0.69,0.82,1.06,1.32,1.78,2.20,2.75
2011-12-07,0.62,0.67,0.79,1.02,1.29,1.76,2.20,2.78
2011-12-08,0.62,0.65,0.77,0.98,1.23,1.69,2.13,2.72
2011-12-09,0.62,0.65,0.75,0.97,1.22,1.69,2.12,2.72
2011-12-12,0.64,0.66,0.77,0.98,1.24,1.71,2.16,2.77
2011-12-13,0.66,0.69,0.80,1.02,1.29,1.75,2.19,2.78
2011-12-14,0.70,0.72,0.82,1.02,1.26,1.68,2.08,2.66
2011-12-15,0.68,0.72,0.82,1.03,1.25,1.67,2.06,2.62
2011-12-16,0.68,0.70,0.79,1.00,1.23,1.64,2.04,2.61
2011-12-19,0.70,0.74,0.83,1.02,1.25,1.64,2.02,2.58
2011-12-20,0.69,0.74,0.85,1.05,1.27,1.68,2.06,2.61
2011-12-21,0.70,0.74,0.84,1.04,1.28,1.70,2.10,2.67
2011-12-22,0.70,0.75,0.86,1.07,1.29,1.70,2.09,2.67
2011-12-23,0.72,0.78,0.90,1.12,1.36,1.80,2.20,2.78
2011-12-27,0.72,0.77,0.89,1.11,1.35,1.77,2.17,2.76
2011-12-28,0.72,0.78,0.90,1.09,1.32,1.72,2.10,2.67
2011-12-29,0.71,0.77,0.88,1.08,1.30,1.71,2.09,2.65
2011-12-30,0.68,0.74,0.84,1.03,1.25,1.65,2.04,2.61
2012-01-03,0.68,0.73,0.84,1.04,1.27,1.70,2.10,2.69
2012-01-04,0.68,0.73,0.83,1.03,1.26,1.69,2.10,2.71
2012-01-05,0.68,0.73,0.83,1.02,1.24,1.68,2.10,2.72
2012-01-06,0.64,0.69,0.79,0.99,1.22,1.66,2.10,2.72
2012-01-09,0.62,0.66,0.76,0.95,1.19,1.63,2.08,2.70
2012-01-10,0.61,0.65,0.76,0.97,1.21,1.67,2.11,2.74
2012-01-11,0.58,0.61,0.72,0.93,1.17,1.63,2.07,2.71
2012-01-12,0.54,0.58,0.70,0.90,1.15,1.61,2.05,2.70
2012-01-13,0.56,0.59,0.69,0.88,1.12,1.57,2.00,2.64
2012-01-17,0.55,0.57,0.67,0.87,1.11,1.56,2.00,2.62
2012-01-18,0.56,0.59,0.68,0.88,1.12,1.56,2.00,2.64
2012-01-19,0.56,0.59,0.70,0.92,1.17,1.63,2.10,2.74
2012-01-20,0.56,0.59,0.71,0.93,1.19,1.67,2.13,2.80
2012-01-23,0.54,0.58,0.71,0.95,1.23,1.72,2.20,2.87
2012-01-24,0.55,0.59,0.72,0.95,1.23,1.71,2.19,2.86
2012-01-25,0.55,0.58,0.70,0.94,1.21,1.69,2.17,2.85
2012-01-26,0.51,0.53,0.61,0.81,1.06,1.55,2.05,2.80
2012-01-27,0.53,0.54,0.63,0.82,1.07,1.55,2.05,2.81
2012-01-30,0.52,0.55,0.63,0.80,1.04,1.50,1.97,2.70
2012-01-31,0.50,0.52,0.60,0.78,1.00,1.47,1.94,2.68
2012-02-01,0.48,0.50,0.58,0.76,0.99,1.45,1.93,2.67
2012-02-02,0.46,0.48,0.56,0.74,0.97,1.44,1.93,2.71
2012-02-03,0.47,0.51,0.60,0.80,1.03,1.53,2.04,2.83
2012-02-06,0.48,0.51,0.62,0.82,1.05,1.54,2.04,2.80
2012-02-07,0.49,0.53,0.64,0.84,1.09,1.58,2.08,2.85
2012-02-08,0.49,0.53,0.65,0.86,1.11,1.60,2.10,2.85
2012-02-09,0.48,0.52,0.65,0.87,1.13,1.62,2.13,2.89
2012-02-10,0.50,0.55,0.66,0.86,1.11,1.58,2.06,2.81
2012-02-13,0.50,0.55,0.66,0.86,1.10,1.57,2.04,2.79
2012-02-14,0.51,0.57,0.68,0.87,1.10,1.56,2.02,2.75
2012-02-15,0.51,0.56,0.67,0.86,1.08,1.54,2.01,2.74
2012-02-16,0.53,0.59,0.70,0.88,1.11,1.58,2.05,2.79
2012-02-17,0.54,0.60,0.73,0.94,1.17,1.63,2.11,2.83
2012-02-21,0.53,0.59,0.73,0.94,1.19,1.66,2.14,2.87
2012-02-22,0.52,0.59,0.72,0.93,1.17,1.64,2.11,2.84
2012-02-23,0.53,0.60,0.73,0.94,1.18,1.65,2.12,2.86
2012-02-24,0.54,0.61,0.73,0.93,1.16,1.62,2.09,2.81
2012-02-27,0.53,0.59,0.71,0.90,1.12,1.57,2.03,2.76
2012-02-28,0.51,0.57,0.69,0.88,1.10,1.54,2.01,2.73
2012-02-29,0.49,0.56,0.68,0.89,1.12,1.59,2.06,2.78
2012-03-01,0.48,0.56,0.69,0.91,1.16,1.64,2.12,2.84
2012-03-02,0.46,0.53,0.65,0.86,1.11,1.58,2.07,2.80
2012-03-05,0.48,0.54,0.67,0.88,1.11,1.59,2.07,2.81
2012-03-06,0.49,0.56,0.67,0.87,1.09,1.54,2.02,2.75
2012-03-07,0.49,0.55,0.67,0.87,1.10,1.57,2.05,2.79
2012-03-08,0.48,0.56,0.69,0.89,1.12,1.59,2.08,2.86
2012-03-09,0.49,0.57,0.71,0.92,1.16,1.64,2.13,2.90
2012-03-12,0.50,0.57,0.70,0.91,1.14,1.60,2.09,2.84
2012-03-13,0.51,0.60,0.74,0.96,1.20,1.67,2.15,2.90
2012-03-14,0.52,0.65,0.82,1.06,1.32,1.81,2.30,3.05
2012-03-15,0.51,0.63,0.80,1.06,1.33,1.83,2.34,3.09
2012-03-16,0.50,0.62,0.81,1.09,1.37,1.88,2.39,3.13
2012-03-19,0.50,0.63,0.83,1.10,1.39,1.89,2.38,3.11
2012-03-20,0.52,0.65,0.85,1.14,1.43,1.94,2.43,3.16
2012-03-21,0.52,0.64,0.85,1.12,1.41,1.91,2.40,3.11
2012-03-22,0.52,0.62,0.81,1.07,1.34,1.84,2.33,3.05
2012-03-23,0.51,0.61,0.80,1.06,1.33,1.82,2.30,3.01
2012-03-26,0.50,0.60,0.80,1.07,1.35,1.86,2.35,3.08
2012-03-27,0.48,0.57,0.74,0.99,1.26,1.76,2.26,3.01
2012-03-28,0.48,0.56,0.73,0.99,1.25,1.75,2.24,3.00
2012-03-29,0.50,0.58,0.75,0.99,1.25,1.74,2.24,2.98
2012-03-30,0.50,0.58,0.75,0.98,1.24,1.74,2.23,2.98
2012-04-02,0.50,0.58,0.75,0.99,1.25,1.75,2.26,3.00
2012-04-03,0.51,0.59,0.76,1.00,1.25,1.76,2.26,3.02
2012-04-04,0.53,0.62,0.79,1.04,1.31,1.82,2.34,3.09
2012-04-05,0.54,0.64,0.80,1.04,1.30,1.80,2.31,3.06
2012-04-06,0.54,0.61,0.74,0.95,1.19,1.66,2.15,2.91
2012-04-09,0.54,0.61,0.73,0.94,1.17,1.64,2.12,2.88
2012-04-10,0.53,0.59,0.72,0.92,1.16,1.62,2.10,2.85
2012-04-11,0.53,0.59,0.72,0.94,1.18,1.65,2.14,2.88
2012-04-12,0.50,0.56,0.70,0.92,1.17,1.65,2.15,2.91
2012-04-13,0.52,0.57,0.70,0.91,1.15,1.62,2.11,2.85
2012-04-16,0.52,0.57,0.69,0.89,1.13,1.58,2.07,2.81
2012-04-17,0.50,0.56,0.69,0.91,1.15,1.63,2.12,2.86
2012-04-18,0.51,0.57,0.69,0.90,1.14,1.60,2.09,2.85
2012-04-19,0.51,0.57,0.69,0.90,1.14,1.60,2.08,2.82
2012-04-20,0.51,0.57,0.70,0.91,1.15,1.61,2.10,2.86
2012-04-23,0.52,0.57,0.68,0.88,1.12,1.56,2.04,2.77
2012-04-24,0.52,0.58,0.70,0.91,1.14,1.61,2.09,2.83
2012-04-25,0.51,0.57,0.71,0.93,1.17,1.64,2.12,2.86
2012-04-26,0.51,0.56,0.68,0.88,1.12,1.59,2.08,2.83
2012-04-27,0.51,0.56,0.69,0.90,1.14,1.60,2.09,2.86
2012-04-30,0.50,0.55,0.66,0.87,1.10,1.55,2.04,2.81
2012-05-01,0.50,0.55,0.67,0.88,1.12,1.58,2.07,2.86
2012-05-02,0.50,0.55,0.66,0.87,1.10,1.56,2.05,2.82
2012-05-03,0.50,0.54,0.67,0.87,1.11,1.57,2.06,2.83
2012-05-04,0.50,0.54,0.66,0.86,1.08,1.54,2.02,2.82
2012-05-07,0.51,0.55,0.66,0.85,1.07,1.52,2.00,2.78
2012-05-08,0.52,0.56,0.67,0.84,1.07,1.50,1.98,2.75
2012-05-09,0.55,0.59,0.68,0.86,1.08,1.51,1.98,2.74
2012-05-10,0.53,0.58,0.68,0.88,1.10,1.55,2.02,2.80
2012-05-11,0.55,0.60,0.70,0.88,1.10,1.53,1.99,2.75
2012-05-14,0.59,0.64,0.73,0.89,1.09,1.50,1.94,2.65
2012-05-15,0.59,0.64,0.74,0.90,1.10,1.51,1.94,2.64
2012-05-16,0.59,0.65,0.75,0.91,1.12,1.52,1.94,2.64
2012-05-17,0.59,0.65,0.74,0.90,1.09,1.46,1.88,2.55
2012-05-18,0.59,0.66,0.75,0.91,1.09,1.46,1.87,2.53
2012-05-21,0.58,0.64,0.74,0.90,1.09,1.46,1.86,2.51
2012-05-22,0.57,0.63,0.74,0.90,1.11,1.50,1.92,2.59
2012-05-23,0.59,0.66,0.74,0.89,1.08,1.45,1.85,2.51
2012-05-24,0.57,0.64,0.73,0.91,1.11,1.50,1.91,2.58
2012-05-25,0.57,0.64,0.73,0.90,1.09,1.47,1.88,2.56
2012-05-29,0.57,0.63,0.73,0.89,1.09,1.46,1.87,2.56
2012-05-30,0.57,0.62,0.71,0.86,1.05,1.41,1.80,2.46
2012-05-31,0.57,0.61,0.68,0.81,0.99,1.33,1.72,2.35
2012-06-01,0.59,0.63,0.69,0.81,0.97,1.29,1.66,2.30
2012-06-04,0.58,0.62,0.69,0.83,1.01,1.35,1.72,2.31
2012-06-05,0.57,0.61,0.69,0.84,1.02,1.37,1.76,2.38
2012-06-06,0.54,0.59,0.67,0.83,1.02,1.39,1.79,2.41
2012-06-07,0.54,0.58,0.66,0.83,1.02,1.40,1.82,2.49
2012-06-08,0.54,0.58,0.66,0.82,1.01,1.38,1.79,2.46
2012-06-11,0.54,0.58,0.66,0.81,0.99,1.36,1.78,2.49
2012-06-12,0.54,0.58,0.67,0.82,1.01,1.39,1.81,2.51
2012-06-13,0.55,0.59,0.68,0.84,1.03,1.41,1.82,2.52
2012-06-14,0.54,0.60,0.67,0.82,1.01,1.38,1.79,2.47
2012-06-15,0.52,0.56,0.63,0.78,0.96,1.32,1.73,2.41
2012-06-18,0.51,0.54,0.62,0.77,0.96,1.33,1.75,2.41
2012-06-19,0.50,0.53,0.62,0.77,0.97,1.36,1.77,2.44
2012-06-20,0.48,0.53,0.62,0.78,0.98,1.38,1.81,2.51
2012-06-21,0.51,0.55,0.65,0.80,0.99,1.36,1.76,2.43
2012-06-22,0.49,0.54,0.64,0.81,1.01,1.39,1.80,2.47
2012-06-25,0.47,0.53,0.63,0.78,0.97,1.35,1.76,2.43
2012-06-26,0.49,0.55,0.64,0.80,0.98,1.36,1.77,2.44
2012-06-27,0.49,0.55,0.63,0.79,0.98,1.36,1.77,2.46
2012-06-28,0.51,0.56,0.63,0.77,0.95,1.31,1.72,2.42
2012-06-29,0.50,0.56,0.64,0.79,0.97,1.34,1.77,2.49
2012-07-02,0.51,0.55,0.62,0.75,0.93,1.29,1.72,2.44
2012-07-03,0.50,0.54,0.61,0.75,0.94,1.32,1.76,2.49
2012-07-05,0.48,0.53,0.60,0.73,0.91,1.30,1.73,2.46
2012-07-06,0.48,0.52,0.59,0.73,0.90,1.28,1.70,2.44
2012-07-09,0.49,0.52,0.59,0.72,0.89,1.26,1.68,2.40
2012-07-10,0.49,0.52,0.58,0.70,0.87,1.23,1.65,2.37
2012-07-11,0.46,0.50,0.57,0.69,0.85,1.21,1.63,2.35
2012-07-12,0.44,0.48,0.54,0.67,0.84,1.20,1.61,2.32
2012-07-13,0.45,0.49,0.57,0.70,0.87,1.23,1.64,2.35
2012-07-16,0.43,0.46,0.53,0.66,0.82,1.18,1.59,2.29
2012-07-17,0.43,0.47,0.54,0.67,0.84,1.20,1.62,2.33
2012-07-18,0.44,0.47,0.53,0.67,0.84,1.21,1.63,2.36
2012-07-19,0.42,0.44,0.51,0.65,0.82,1.20,1.63,2.35
2012-07-20,0.43,0.45,0.52,0.65,0.82,1.18,1.60,2.32
2012-07-23,0.43,0.45,0.51,0.63,0.79,1.14,1.55,2.28
2012-07-24,0.42,0.45,0.50,0.63,0.79,1.14,1.56,2.28
2012-07-25,0.42,0.44,0.50,0.62,0.78,1.13,1.54,2.25
2012-07-26,0.42,0.44,0.50,0.62,0.79,1.15,1.56,2.27
2012-07-27,0.43,0.46,0.53,0.67,0.85,1.22,1.64,2.37
2012-07-30,0.40,0.43,0.50,0.64,0.82,1.20,1.63,2.36
2012-07-31,0.40,0.42,0.47,0.60,0.78,1.16,1.59,2.33
2012-08-01,0.40,0.42,0.48,0.62,0.81,1.19,1.63,2.38
2012-08-02,0.41,0.43,0.50,0.64,0.82,1.20,1.63,2.37
2012-08-03,0.41,0.45,0.53,0.69,0.88,1.28,1.72,2.46
2012-08-06,0.41,0.44,0.52,0.66,0.86,1.25,1.68,2.42
2012-08-07,0.41,0.45,0.54,0.70,0.91,1.32,1.78,2.52
2012-08-08,0.42,0.47,0.56,0.71,0.91,1.31,1.76,2.50
2012-08-09,0.43,0.48,0.58,0.74,0.95,1.36,1.83,2.57
2012-08-10,0.42,0.46,0.55,0.71,0.91,1.31,1.77,2.52
2012-08-13,0.42,0.46,0.55,0.70,0.90,1.30,1.75,2.50
2012-08-14,0.43,0.47,0.56,0.72,0.93,1.35,1.81,2.57
2012-08-15,0.43,0.49,0.60,0.77,0.99,1.42,1.90,2.67
2012-08-16,0.44,0.49,0.60,0.78,1.00,1.44,1.93,2.70
2012-08-17,0.44,0.50,0.61,0.78,1.00,1.43,1.91,2.69
2012-08-20,0.44,0.50,0.60,0.78,0.99,1.43,1.91,2.69
2012-08-21,0.44,0.50,0.61,0.79,1.01,1.46,1.95,2.73
2012-08-22,0.43,0.48,0.58,0.74,0.95,1.39,1.87,2.63
2012-08-23,0.40,0.43,0.52,0.67,0.87,1.30,1.77,2.56
2012-08-24,0.41,0.44,0.53,0.68,0.88,1.30,1.76,2.54
2012-08-27,0.40,0.44,0.52,0.68,0.87,1.29,1.76,2.53
2012-08-28,0.40,0.44,0.51,0.66,0.85,1.26,1.72,2.51
2012-08-29,0.40,0.45,0.53,0.67,0.87,1.28,1.75,2.55
2012-08-30,0.40,0.43,0.50,0.65,0.84,1.26,1.72,2.52
2012-08-31,0.38,0.41,0.48,0.62,0.81,1.23,1.71,2.51
2012-09-04,0.37,0.39,0.45,0.58,0.77,1.18,1.66,2.46
2012-09-05,0.38,0.40,0.46,0.59,0.78,1.19,1.67,2.49
2012-09-06,0.39,0.42,0.50,0.65,0.85,1.29,1.78,2.58
2012-09-07,0.38,0.40,0.46,0.59,0.78,1.22,1.72,2.56
2012-09-10,0.38,0.40,0.47,0.61,0.80,1.26,1.77,2.63
2012-09-11,0.36,0.40,0.47,0.61,0.82,1.28,1.79,2.65
2012-09-12,0.36,0.39,0.47,0.63,0.84,1.32,1.84,2.69
2012-09-13,0.35,0.38,0.45,0.60,0.81,1.28,1.82,2.69
2012-09-14,0.35,0.37,0.46,0.63,0.85,1.35,1.92,2.85
2012-09-17,0.34,0.37,0.46,0.62,0.85,1.32,1.87,2.79
2012-09-18,0.36,0.39,0.46,0.62,0.84,1.30,1.83,2.74
2012-09-19,0.36,0.39,0.46,0.61,0.83,1.28,1.81,2.71
2012-09-20,0.36,0.39,0.46,0.61,0.81,1.25,1.77,2.67
2012-09-21,0.35,0.39,0.47,0.61,0.81,1.26,1.78,2.70
2012-09-24,0.36,0.40,0.46,0.60,0.79,1.23,1.74,2.65
2012-09-25,0.37,0.41,0.49,0.62,0.82,1.25,1.76,2.68
2012-09-26,0.39,0.43,0.49,0.61,0.79,1.19,1.68,2.57
2012-09-27,0.38,0.42,0.48,0.60,0.79,1.19,1.69,2.58
2012-09-28,0.34,0.37,0.44,0.56,0.75,1.17,1.67,2.55
2012-10-01,0.34,0.38,0.44,0.58,0.77,1.20,1.71,2.62
2012-10-02,0.35,0.38,0.44,0.57,0.76,1.18,1.70,2.60
2012-10-03,0.34,0.37,0.44,0.56,0.74,1.17,1.69,2.61
2012-10-04,0.35,0.38,0.45,0.57,0.75,1.18,1.71,2.63
2012-10-05,0.35,0.39,0.47,0.61,0.80,1.25,1.79,2.74
2012-10-09,0.34,0.38,0.46,0.60,0.80,1.23,1.77,2.72
2012-10-10,0.34,0.39,0.47,0.61,0.81,1.26,1.79,2.73
2012-10-11,0.34,0.39,0.47,0.62,0.81,1.25,1.77,2.69
2012-10-12,0.33,0.37,0.46,0.60,0.79,1.21,1.71,2.60
2012-10-15,0.33,0.37,0.45,0.60,0.79,1.20,1.71,2.61
2012-10-16,0.31,0.36,0.45,0.61,0.81,1.24,1.76,2.66
2012-10-17,0.31,0.37,0.47,0.63,0.84,1.29,1.82,2.74
2012-10-18,0.32,0.40,0.51,0.67,0.88,1.32,1.83,2.72
2012-10-19,0.33,0.40,0.51,0.67,0.88,1.31,1.82,2.74
2012-10-22,0.33,0.40,0.52,0.69,0.89,1.33,1.83,2.71
2012-10-23,0.33,0.40,0.51,0.67,0.87,1.30,1.80,2.66
2012-10-24,0.32,0.39,0.50,0.67,0.88,1.32,1.83,2.69
2012-10-25,0.33,0.41,0.53,0.70,0.92,1.36,1.86,2.72
2012-10-26,0.33,0.40,0.50,0.66,0.87,1.29,1.80,2.67
2012-10-29,0.33,0.39,0.49,0.65,0.84,1.26,1.75,2.62
2012-10-31,0.33,0.39,0.49,0.64,0.83,1.25,1.74,2.62
2012-11-01,0.33,0.38,0.47,0.63,0.83,1.26,1.77,2.64
2012-11-02,0.33,0.38,0.48,0.64,0.84,1.27,1.78,2.66
2012-11-05,0.32,0.37,0.46,0.60,0.79,1.20,1.71,2.59
2012-11-06,0.32,0.38,0.47,0.62,0.81,1.23,1.74,2.62
2012-11-07,0.32,0.37,0.44,0.58,0.77,1.18,1.68,2.55
2012-11-08,0.33,0.37,0.45,0.59,0.78,1.19,1.69,2.57
2012-11-09,0.33,0.38,0.46,0.59,0.78,1.18,1.67,2.51
2012-11-13,0.33,0.37,0.45,0.58,0.76,1.16,1.64,2.47
2012-11-14,0.32,0.37,0.44,0.58,0.76,1.15,1.63,2.47
2012-11-15,0.33,0.37,0.45,0.59,0.76,1.15,1.63,2.47
2012-11-16,0.34,0.38,0.45,0.59,0.76,1.14,1.63,2.47
2012-11-19,0.33,0.37,0.45,0.59,0.78,1.17,1.66,2.53
2012-11-20,0.33,0.38,0.46,0.61,0.79,1.19,1.68,2.54
2012-11-21,0.34,0.39,0.48,0.62,0.81,1.22,1.72,2.58
2012-11-23,0.34,0.40,0.48,0.63,0.81,1.23,1.73,2.59
2012-11-26,0.35,0.40,0.48,0.61,0.80,1.19,1.68,2.55
2012-11-27,0.34,0.40,0.48,0.61,0.79,1.19,1.68,2.56
2012-11-28,0.33,0.38,0.46,0.59,0.76,1.16,1.65,2.53
2012-11-29,0.33,0.38,0.45,0.59,0.77,1.18,1.68,2.58
2012-11-30,0.33,0.38,0.44,0.57,0.76,1.16,1.66,2.55
2012-12-03,0.33,0.37,0.45,0.58,0.76,1.18,1.68,2.59
2012-12-04,0.33,0.36,0.44,0.57,0.76,1.17,1.66,2.55
2012-12-05,0.32,0.36,0.43,0.56,0.73,1.13,1.64,2.53
2012-12-06,0.32,0.36,0.43,0.56,0.73,1.13,1.63,2.53
2012-12-07,0.32,0.35,0.43,0.56,0.74,1.15,1.66,2.58
2012-12-10,0.32,0.35,0.42,0.56,0.74,1.16,1.67,2.58
2012-12-11,0.31,0.35,0.43,0.57,0.76,1.18,1.70,2.63
2012-12-12,0.31,0.36,0.43,0.57,0.76,1.18,1.70,2.64
2012-12-13,0.31,0.36,0.46,0.61,0.81,1.25,1.77,2.70
2012-12-14,0.31,0.36,0.45,0.61,0.81,1.24,1.75,2.66
2012-12-17,0.31,0.36,0.47,0.63,0.83,1.26,1.77,2.67
2012-12-18,0.32,0.39,0.49,0.66,0.87,1.32,1.85,2.78
2012-12-19,0.33,0.39,0.50,0.66,0.87,1.31,1.83,2.75
2012-12-20,0.33,0.40,0.50,0.66,0.87,1.31,1.84,2.77
2012-12-21,0.34,0.40,0.50,0.66,0.87,1.30,1.81,2.74
2012-12-24,0.35,0.41,0.52,0.68,0.89,1.32,1.83,2.75
2012-12-26,0.35,0.41,0.51,0.67,0.88,1.30,1.81,2.75
2012-12-27,0.35,0.41,0.50,0.66,0.86,1.28,1.79,2.72
2012-12-28,0.34,0.40,0.49,0.64,0.85,1.27,1.78,2.72
2012-12-31,0.33,0.38,0.48,0.63,0.83,1.26,1.79,2.74
2013-01-02,0.33,0.39,0.50,0.66,0.88,1.34,1.88,2.87
2013-01-03,0.32,0.38,0.49,0.66,0.88,1.34,1.88,2.87
2013-01-04,0.32,0.40,0.52,0.71,0.94,1.41,1.97,2.93
2013-01-07,0.32,0.40,0.52,0.69,0.92,1.39,1.93,2.89
2013-01-08,0.32,0.39,0.50,0.68,0.90,1.36,1.90,2.86
2013-01-09,0.32,0.38,0.49,0.67,0.89,1.35,1.89,2.86
2013-01-10,0.31,0.38,0.50,0.68,0.91,1.38,1.92,2.88
2013-01-11,0.31,0.39,0.51,0.69,0.92,1.39,1.94,2.89
2013-01-14,0.31,0.38,0.50,0.67,0.89,1.34,1.88,2.83
2013-01-15,0.32,0.38,0.48,0.65,0.86,1.31,1.85,2.81
2013-01-16,0.32,0.37,0.48,0.64,0.86,1.31,1.85,2.81
2013-01-17,0.33,0.39,0.51,0.69,0.91,1.36,1.91,2.87
2013-01-18,0.33,0.40,0.51,0.69,0.90,1.36,1.90,2.85
2013-01-22,0.33,0.39,0.51,0.69,0.90,1.36,1.90,2.85
2013-01-23,0.32,0.38,0.49,0.66,0.87,1.33,1.87,2.81
2013-01-24,0.33,0.40,0.51,0.70,0.92,1.38,1.93,2.87
2013-01-25,0.34,0.42,0.54,0.73,0.96,1.43,1.98,2.93
2013-01-28,0.35,0.45,0.59,0.79,1.04,1.51,2.06,2.99
2013-01-29,0.35,0.43,0.57,0.77,1.01,1.48,2.03,2.96
2013-01-30,0.34,0.44,0.58,0.79,1.05,1.54,2.09,3.03
2013-01-31,0.34,0.43,0.57,0.78,1.03,1.52,2.07,3.02
2013-02-01,0.34,0.42,0.55,0.75,0.99,1.48,2.04,3.00
2013-02-04,0.33,0.42,0.55,0.75,1.00,1.49,2.06,3.00
2013-02-05,0.34,0.43,0.57,0.78,1.03,1.54,2.10,3.05
2013-02-06,0.33,0.41,0.55,0.76,1.00,1.50,2.07,3.04
2013-02-07,0.33,0.40,0.53,0.73,0.97,1.46,2.02,2.98
2013-02-08,0.33,0.41,0.55,0.75,1.00,1.49,2.06,3.02
2013-02-11,0.33,0.41,0.55,0.75,0.99,1.48,2.04,2.99
2013-02-12,0.33,0.42,0.56,0.77,1.02,1.50,2.06,3.00
2013-02-13,0.33,0.43,0.57,0.79,1.04,1.54,2.10,3.04
2013-02-14,0.34,0.42,0.57,0.78,1.04,1.54,2.11,3.06
2013-02-15,0.33,0.42,0.57,0.78,1.04,1.54,2.11,3.06
2013-02-19,0.33,0.42,0.56,0.77,1.02,1.51,2.07,3.02
2013-02-20,0.33,0.42,0.57,0.78,1.04,1.54,2.10,3.07
2013-02-21,0.32,0.40,0.54,0.74,0.99,1.48,2.05,3.02
2013-02-22,0.32,0.40,0.53,0.73,0.98,1.47,2.03,3.00
2013-02-25,0.32,0.40,0.53,0.73,0.98,1.47,2.04,3.02
2013-02-26,0.33,0.39,0.51,0.69,0.92,1.40,1.95,2.91
2013-02-27,0.33,0.40,0.51,0.69,0.93,1.41,1.96,2.92
2013-02-28,0.33,0.39,0.50,0.69,0.93,1.42,1.97,2.94
2013-03-01,0.32,0.38,0.50,0.68,0.92,1.40,1.96,2.94
2013-03-04,0.31,0.37,0.49,0.68,0.91,1.39,1.95,2.92
2013-03-05,0.31,0.38,0.51,0.70,0.93,1.42,1.98,2.96
2013-03-06,0.31,0.38,0.51,0.71,0.94,1.44,2.00,2.98
2013-03-07,0.31,0.39,0.54,0.74,1.00,1.50,2.07,3.04
2013-03-08,0.31,0.40,0.56,0.78,1.04,1.56,2.13,3.10
2013-03-11,0.31,0.40,0.55,0.78,1.05,1.56,2.13,3.10
2013-03-12,0.31,0.39,0.54,0.76,1.02,1.53,2.11,3.08
2013-03-13,0.32,0.40,0.55,0.77,1.03,1.55,2.12,3.09
2013-03-14,0.32,0.40,0.56,0.78,1.04,1.56,2.14,3.10
2013-03-15,0.32,0.39,0.54,0.74,1.00,1.51,2.09,3.08
2013-03-18,0.32,0.39,0.52,0.72,0.97,1.47,2.04,3.03
2013-03-19,0.34,0.41,0.52,0.72,0.96,1.45,2.02,3.01
2013-03-20,0.34,0.41,0.53,0.73,0.97,1.47,2.05,3.03
2013-03-21,0.35,0.42,0.54,0.73,0.98,1.48,2.05,3.04
2013-03-22,0.36,0.42,0.55,0.74,0.99,1.49,2.05,3.02
2013-03-25,0.35,0.42,0.54,0.73,0.98,1.47,2.04,3.01
2013-03-26,0.35,0.43,0.55,0.75,1.00,1.50,2.07,3.04
2013-03-27,0.37,0.44,0.55,0.72,0.96,1.44,2.01,2.98
2013-03-28,0.35,0.42,0.53,0.71,0.95,1.44,2.01,2.98
2013-04-01,0.35,0.41,0.52,0.70,0.94,1.42,1.99,2.97
2013-04-02,0.34,0.41,0.52,0.71,0.95,1.45,2.01,2.99
2013-04-03,0.33,0.40,0.51,0.69,0.93,1.42,1.98,2.96
2013-04-04,0.33,0.39,0.50,0.67,0.90,1.38,1.94,2.91
2013-04-05,0.32,0.37,0.48,0.65,0.87,1.33,1.87,2.78
2013-04-08,0.32,0.38,0.48,0.66,0.87,1.35,1.89,2.82
2013-04-09,0.32,0.38,0.49,0.66,0.88,1.36,1.91,2.86
2013-04-10,0.32,0.38,0.49,0.67,0.90,1.39,1.95,2.92
2013-04-11,0.31,0.37,0.49,0.67,0.90,1.39,1.95,2.92
2013-04-12,0.32,0.37,0.48,0.65,0.87,1.35,1.91,2.88
2013-04-15,0.31,0.37,0.47,0.64,0.86,1.33,1.88,2.84
2013-04-16,0.32,0.37,0.48,0.65,0.87,1.34,1.88,2.82
2013-04-17,0.32,0.37,0.47,0.64,0.86,1.32,1.87,2.80
2013-04-18,0.31,0.37,0.47,0.64,0.86,1.32,1.86,2.79
2013-04-19,0.31,0.37,0.48,0.65,0.87,1.33,1.87,2.79
2013-04-22,0.31,0.36,0.47,0.64,0.86,1.32,1.86,2.79
2013-04-23,0.31,0.36,0.47,0.64,0.86,1.33,1.87,2.81
2013-04-24,0.31,0.36,0.47,0.64,0.87,1.33,1.88,2.83
2013-04-25,0.31,0.37,0.48,0.65,0.87,1.34,1.89,2.85
2013-04-26,0.31,0.36,0.47,0.63,0.85,1.30,1.85,2.81
2013-04-29,0.30,0.35,0.45,0.62,0.83,1.28,1.83,2.78
2013-04-30,0.30,0.35,0.45,0.61,0.82,1.28,1.83,2.80
2013-05-01,0.30,0.34,0.44,0.61,0.82,1.28,1.82,2.78
2013-05-02,0.29,0.34,0.44,0.61,0.82,1.28,1.82,2.78
2013-05-03,0.30,0.35,0.46,0.65,0.87,1.35,1.90,2.87
2013-05-06,0.30,0.36,0.48,0.66,0.90,1.37,1.93,2.89
2013-05-07,0.30,0.36,0.49,0.68,0.92,1.40,1.96,2.93
2013-05-08,0.30,0.36,0.48,0.67,0.90,1.38,1.94,2.92
2013-05-09,0.30,0.35,0.47,0.66,0.90,1.37,1.94,2.92
2013-05-10,0.31,0.37,0.51,0.72,0.97,1.47,2.04,3.03
2013-05-13,0.31,0.38,0.52,0.73,0.99,1.48,2.06,3.05
2013-05-14,0.31,0.38,0.51,0.72,0.97,1.47,2.05,3.05
2013-05-15,0.31,0.38,0.52,0.73,0.99,1.50,2.08,3.08
2013-05-16,0.31,0.37,0.50,0.70,0.95,1.43,2.01,3.00
2013-05-17,0.31,0.38,0.51,0.71,0.96,1.46,2.04,3.05
2013-05-20,0.31,0.39,0.53,0.74,0.99,1.50,2.08,3.08
2013-05-21,0.31,0.39,0.53,0.75,1.01,1.52,2.10,3.08
2013-05-22,0.31,0.38,0.53,0.75,1.01,1.53,2.11,3.10
2013-05-23,0.32,0.40,0.56,0.79,1.06,1.58,2.17,3.13
2013-05-24,0.32,0.40,0.56,0.79,1.06,1.57,2.14,3.09
2013-05-28,0.33,0.43,0.63,0.89,1.19,1.72,2.29,3.21
2013-05-29,0.34,0.46,0.66,0.93,1.22,1.74,2.30,3.21
2013-05-30,0.34,0.46,0.66,0.92,1.20,1.72,2.29,3.19
2013-05-31,0.34,0.47,0.68,0.95,1.24,1.76,2.33,3.24
2013-06-03,0.33,0.45,0.64,0.90,1.18,1.71,2.27,3.20
2013-06-04,0.33,0.47,0.67,0.95,1.24,1.77,2.33,3.24
2013-06-05,0.33,0.46,0.66,0.92,1.21,1.73,2.29,3.21
2013-06-06,0.34,0.46,0.67,0.93,1.22,1.73,2.28,3.17
2013-06-07,0.34,0.46,0.68,0.95,1.24,1.76,2.32,3.22
2013-06-10,0.35,0.50,0.73,1.03,1.33,1.85,2.41,3.29
2013-06-11,0.35,0.51,0.75,1.05,1.36,1.88,2.43,3.26
2013-06-12,0.34,0.49,0.73,1.02,1.32,1.84,2.39,3.24
2013-06-13,0.33,0.48,0.72,1.01,1.31,1.83,2.38,3.23
2013-06-14,0.32,0.43,0.64,0.91,1.20,1.73,2.29,3.18
2013-06-17,0.31,0.42,0.63,0.91,1.20,1.74,2.31,3.21
2013-06-18,0.32,0.44,0.66,0.96,1.27,1.81,2.38,3.25
2013-06-19,0.32,0.43,0.65,0.95,1.26,1.80,2.37,3.23
2013-06-20,0.34,0.50,0.80,1.16,1.51,2.06,2.60,3.38
2013-06-21,0.37,0.54,0.85,1.22,1.58,2.14,2.67,3.41
2013-06-24,0.42,0.62,0.96,1.36,1.74,2.33,2.86,3.54
2013-06-25,0.38,0.56,0.88,1.28,1.66,2.25,2.80,3.50
2013-06-26,0.37,0.54,0.85,1.23,1.61,2.19,2.74,3.49
2013-06-27,0.37,0.53,0.84,1.23,1.59,2.17,2.72,3.48
2013-06-28,0.36,0.52,0.83,1.22,1.59,2.16,2.71,3.47
2013-07-01,0.36,0.51,0.81,1.19,1.56,2.15,2.70,3.44
2013-07-02,0.36,0.51,0.81,1.19,1.56,2.15,2.69,3.42
2013-07-03,0.37,0.52,0.82,1.19,1.56,2.14,2.69,3.46
2013-07-05,0.37,0.57,0.92,1.35,1.75,2.37,2.92,3.64
2013-07-08,0.36,0.54,0.89,1.32,1.73,2.36,2.91,3.67
2013-07-09,0.36,0.53,0.86,1.27,1.67,2.29,2.85,3.63
2013-07-10,0.36,0.54,0.87,1.27,1.66,2.29,2.87,3.65
2013-07-11,0.35,0.51,0.81,1.20,1.59,2.21,2.80,3.62
2013-07-12,0.35,0.50,0.80,1.17,1.56,2.18,2.77,3.60
2013-07-15,0.35,0.52,0.82,1.20,1.57,2.19,2.77,3.59
2013-07-16,0.34,0.49,0.79,1.17,1.55,2.17,2.74,3.56
2013-07-17,0.33,0.48,0.75,1.11,1.49,2.10,2.69,3.55
2013-07-18,0.34,0.48,0.77,1.14,1.51,2.13,2.73,3.60
2013-07-19,0.34,0.48,0.76,1.12,1.49,2.11,2.70,3.56
2013-07-22,0.34,0.48,0.76,1.12,1.49,2.10,2.69,3.52
2013-07-23,0.34,0.49,0.76,1.13,1.50,2.12,2.71,3.55
2013-07-24,0.35,0.50,0.80,1.18,1.57,2.20,2.78,3.62
2013-07-25,0.35,0.51,0.82,1.21,1.60,2.23,2.82,3.65
2013-07-26,0.34,0.48,0.77,1.16,1.55,2.18,2.77,3.62
2013-07-29,0.34,0.48,0.77,1.16,1.55,2.18,2.77,3.62
2013-07-30,0.33,0.48,0.77,1.15,1.54,2.18,2.78,3.63
2013-07-31,0.34,0.50,0.81,1.23,1.64,2.29,2.88,3.72
2013-08-01,0.34,0.50,0.81,1.23,1.64,2.28,2.86,3.69
2013-08-02,0.33,0.48,0.77,1.16,1.55,2.19,2.79,3.66
2013-08-05,0.33,0.48,0.78,1.17,1.57,2.22,2.82,3.69
2013-08-06,0.33,0.49,0.78,1.17,1.57,2.22,2.83,3.71
2013-08-07,0.33,0.48,0.78,1.17,1.56,2.21,2.81,3.68
2013-08-08,0.33,0.48,0.78,1.15,1.54,2.17,2.76,3.62
2013-08-09,0.33,0.49,0.79,1.17,1.55,2.17,2.77,3.64
2013-08-12,0.33,0.47,0.77,1.14,1.51,2.14,2.73,3.60
2013-08-13,0.34,0.51,0.83,1.24,1.64,2.29,2.88,3.74
2013-08-14,0.34,0.51,0.83,1.24,1.63,2.28,2.87,3.71
2013-08-15,0.35,0.53,0.90,1.33,1.74,2.38,2.96,3.79
2013-08-16,0.35,0.53,0.90,1.32,1.72,2.36,2.95,3.78
2013-08-19,0.34,0.54,0.92,1.36,1.78,2.45,3.04,3.83
2013-08-20,0.34,0.53,0.90,1.33,1.75,2.41,3.01,3.83
2013-08-21,0.34,0.54,0.91,1.35,1.77,2.44,3.04,3.87
2013-08-22,0.35,0.57,0.97,1.42,1.85,2.50,3.08,3.88
2013-08-23,0.35,0.56,0.96,1.41,1.81,2.44,3.01,3.80
2013-08-26,0.34,0.55,0.93,1.37,1.77,2.41,2.97,3.77
2013-08-27,0.34,0.54,0.92,1.35,1.74,2.37,2.94,3.74
2013-08-28,0.34,0.56,0.94,1.37,1.77,2.39,2.95,3.74
2013-08-29,0.34,0.57,0.96,1.39,1.79,2.41,2.98,3.75
2013-08-30,0.34,0.56,0.94,1.37,1.76,2.38,2.94,3.71
2013-09-03,0.35,0.60,1.02,1.48,1.90,2.54,3.10,3.84
2013-09-04,0.35,0.59,0.99,1.43,1.84,2.47,3.03,3.78
2013-09-05,0.36,0.66,1.10,1.57,1.98,2.61,3.16,3.89
2013-09-06,0.34,0.61,1.04,1.48,1.90,2.52,3.10,3.86
2013-09-09,0.33,0.59,1.00,1.44,1.84,2.48,3.06,3.84
2013-09-10,0.34,0.62,1.04,1.51,1.93,2.57,3.14,3.90
2013-09-11,0.34,0.61,1.03,1.48,1.90,2.54,3.11,3.87
2013-09-12,0.34,0.59,0.99,1.44,1.84,2.47,3.04,3.82
2013-09-13,0.34,0.59,1.01,1.46,1.86,2.49,3.06,3.83
2013-09-16,0.32,0.54,0.91,1.34,1.73,2.36,2.96,3.79
2013-09-17,0.33,0.55,0.93,1.38,1.79,2.43,3.02,3.84
2013-09-18,0.33,0.55,0.95,1.41,1.83,2.47,3.04,3.85
2013-09-19,0.31,0.49,0.82,1.24,1.65,2.28,2.89,3.76
2013-09-20,0.31,0.50,0.85,1.27,1.67,2.31,2.90,3.76
2013-09-23,0.31,0.48,0.81,1.22,1.62,2.26,2.85,3.72
2013-09-24,0.31,0.48,0.80,1.21,1.60,2.23,2.82,3.67
2013-09-25,0.31,0.48,0.80,1.19,1.58,2.20,2.79,3.66
2013-09-26,0.32,0.48,0.80,1.19,1.58,2.20,2.79,3.66
2013-09-27,0.32,0.47,0.78,1.16,1.54,2.17,2.77,3.67
2013-09-30,0.32,0.47,0.79,1.18,1.57,2.19,2.79,3.67
2013-10-01,0.31,0.46,0.77,1.17,1.56,2.19,2.79,3.68
2013-10-02,0.31,0.45,0.76,1.15,1.53,2.16,2.76,3.65
2013-10-03,0.31,0.45,0.75,1.14,1.52,2.15,2.76,3.66
2013-10-04,0.31,0.46,0.77,1.16,1.55,2.18,2.80,3.70
2013-10-07,0.32,0.46,0.76,1.15,1.54,2.16,2.77,3.65
2013-10-08,0.34,0.49,0.80,1.19,1.57,2.19,2.78,3.66
2013-10-09,0.35,0.49,0.79,1.18,1.57,2.19,2.79,3.69
2013-10-10,0.33,0.48,0.80,1.21,1.61,2.25,2.86,3.75
2013-10-11,0.33,0.48,0.77,1.16,1.55,2.18,2.79,3.67
2013-10-15,0.33,0.48,0.78,1.18,1.58,2.23,2.84,3.73
2013-10-16,0.32,0.48,0.79,1.20,1.61,2.27,2.88,3.77
2013-10-17,0.31,0.45,0.73,1.11,1.50,2.13,2.74,3.66
2013-10-18,0.30,0.45,0.73,1.11,1.49,2.12,2.72,3.63
2013-10-21,0.30,0.45,0.74,1.13,1.51,2.14,2.75,3.66
2013-10-22,0.29,0.43,0.70,1.07,1.45,2.07,2.67,3.59
2013-10-23,0.30,0.43,0.69,1.05,1.42,2.03,2.63,3.55
2013-10-24,0.30,0.44,0.71,1.07,1.44,2.05,2.65,3.56
2013-10-25,0.29,0.43,0.70,1.06,1.43,2.05,2.65,3.56
2013-10-28,0.29,0.43,0.70,1.06,1.43,2.05,2.65,3.56
2013-10-29,0.30,0.43,0.69,1.05,1.42,2.05,2.66,3.58
2013-10-30,0.30,0.43,0.68,1.04,1.41,2.03,2.64,3.58
2013-10-31,0.29,0.43,0.71,1.09,1.48,2.10,2.70,3.61
2013-11-01,0.29,0.43,0.71,1.10,1.50,2.14,2.75,3.64
2013-11-04,0.29,0.42,0.71,1.09,1.48,2.12,2.73,3.64
2013-11-05,0.29,0.43,0.72,1.12,1.53,2.18,2.80,3.71
2013-11-06,0.29,0.41,0.67,1.06,1.47,2.14,2.78,3.73
2013-11-07,0.28,0.40,0.66,1.05,1.45,2.11,2.75,3.70
2013-11-08,0.29,0.43,0.72,1.12,1.55,2.23,2.88,3.79
2013-11-12,0.29,0.43,0.72,1.13,1.56,2.24,2.88,3.80
2013-11-13,0.29,0.42,0.70,1.10,1.52,2.20,2.85,3.77
2013-11-14,0.28,0.40,0.67,1.06,1.47,2.15,2.80,3.73
2013-11-15,0.28,0.40,0.67,1.05,1.46,2.14,2.79,3.73
2013-11-18,0.27,0.39,0.65,1.03,1.43,2.10,2.74,3.67
2013-11-19,0.28,0.40,0.66,1.04,1.44,2.11,2.74,3.67
2013-11-20,0.27,0.38,0.63,1.00,1.41,2.09,2.73,3.66
2013-11-21,0.26,0.37,0.62,1.02,1.45,2.18,2.85,3.78
2013-11-22,0.27,0.38,0.65,1.04,1.46,2.17,2.82,3.75
2013-11-25,0.27,0.38,0.65,1.03,1.45,2.15,2.80,3.74
2013-11-26,0.27,0.38,0.65,1.03,1.45,2.14,2.78,3.71
2013-11-27,0.27,0.37,0.64,1.04,1.46,2.17,2.82,3.74
2013-11-29,0.27,0.38,0.66,1.05,1.48,2.19,2.85,3.76
2013-12-02,0.27,0.38,0.68,1.09,1.52,2.24,2.88,3.78
2013-12-03,0.27,0.38,0.67,1.07,1.50,2.21,2.86,3.78
2013-12-04,0.27,0.39,0.69,1.11,1.55,2.26,2.92,3.81
2013-12-05,0.27,0.39,0.70,1.13,1.57,2.28,2.93,3.82
2013-12-06,0.27,0.39,0.71,1.12,1.55,2.26,2.91,3.80
2013-12-09,0.27,0.40,0.71,1.13,1.56,2.26,2.90,3.78
2013-12-10,0.27,0.40,0.71,1.12,1.55,2.24,2.88,3.76
2013-12-11,0.28,0.40,0.71,1.13,1.56,2.25,2.89,3.77
2013-12-12,0.29,0.43,0.77,1.21,1.63,2.32,2.95,3.80
2013-12-13,0.29,0.43,0.77,1.20,1.63,2.31,2.93,3.79
2013-12-16,0.29,0.42,0.75,1.18,1.61,2.29,2.91,3.77
2013-12-17,0.29,0.41,0.73,1.16,1.59,2.28,2.92,3.81
2013-12-18,0.28,0.40,0.72,1.16,1.60,2.30,2.94,3.83
2013-12-19,0.31,0.44,0.78,1.24,1.69,2.37,2.99,3.83
2013-12-20,0.31,0.45,0.80,1.25,1.69,2.36,2.97,3.81
2013-12-23,0.32,0.47,0.84,1.29,1.72,2.39,2.98,3.79
2013-12-24,0.31,0.49,0.89,1.34,1.78,2.45,3.04,3.85
2013-12-26,0.32,0.50,0.89,1.36,1.80,2.47,3.06,3.89
2013-12-27,0.31,0.48,0.87,1.33,1.78,2.45,3.05,3.88
2013-12-30,0.31,0.48,0.86,1.32,1.76,2.43,3.03,3.85
2013-12-31,0.31,0.49,0.87,1.33,1.78,2.47,3.09,3.91
2014-01-02,0.31,0.49,0.87,1.34,1.78,2.46,3.07,3.90
2014-01-03,0.31,0.49,0.88,1.34,1.78,2.46,3.07,3.91
2014-01-06,0.31,0.50,0.88,1.33,1.75,2.43,3.03,3.87
2014-01-07,0.31,0.50,0.87,1.32,1.74,2.42,3.02,3.86
2014-01-08,0.31,0.53,0.92,1.38,1.80,2.46,3.06,3.89
2014-01-09,0.32,0.55,0.96,1.42,1.85,2.49,3.07,3.88
2014-01-10,0.30,0.50,0.89,1.33,1.74,2.38,2.97,3.80
2014-01-13,0.30,0.48,0.84,1.28,1.69,2.34,2.93,3.77
2014-01-14,0.30,0.49,0.85,1.29,1.70,2.35,2.94,3.77
2014-01-15,0.30,0.53,0.92,1.37,1.78,2.43,3.01,3.83
2014-01-16,0.30,0.51,0.90,1.33,1.73,2.37,2.95,3.76
2014-01-17,0.30,0.51,0.90,1.34,1.74,2.37,2.95,3.76
2014-01-21,0.30,0.52,0.91,1.34,1.74,2.37,2.93,3.72
2014-01-22,0.30,0.53,0.94,1.38,1.78,2.39,2.95,3.72
2014-01-23,0.29,0.52,0.91,1.34,1.74,2.36,2.93,3.71
2014-01-24,0.30,0.48,0.84,1.27,1.67,2.29,2.85,3.65
2014-01-27,0.30,0.49,0.86,1.29,1.68,2.29,2.85,3.63
2014-01-28,0.30,0.49,0.87,1.30,1.70,2.32,2.89,3.68
2014-01-29,0.30,0.48,0.84,1.26,1.65,2.27,2.85,3.65
2014-01-30,0.30,0.48,0.85,1.27,1.66,2.28,2.85,3.65
2014-01-31,0.29,0.46,0.82,1.23,1.62,2.23,2.79,3.60
2014-02-03,0.28,0.44,0.79,1.19,1.58,2.19,2.76,3.57
2014-02-04,0.28,0.44,0.78,1.19,1.58,2.19,2.76,3.58
2014-02-05,0.27,0.44,0.78,1.20,1.59,2.21,2.79,3.63
2014-02-06,0.28,0.46,0.82,1.24,1.63,2.25,2.83,3.67
2014-02-07,0.27,0.43,0.78,1.19,1.58,2.21,2.80,3.65
2014-02-10,0.27,0.43,0.77,1.18,1.57,2.20,2.80,3.65
2014-02-11,0.27,0.45,0.80,1.22,1.62,2.25,2.84,3.67
2014-02-12,0.27,0.46,0.84,1.27,1.67,2.30,2.89,3.71
2014-02-13,0.27,0.45,0.81,1.23,1.63,2.26,2.85,3.69
2014-02-14,0.27,0.45,0.82,1.24,1.64,2.27,2.85,3.69
2014-02-18,0.26,0.44,0.80,1.21,1.61,2.24,2.83,3.67
2014-02-19,0.26,0.43,0.78,1.19,1.58,2.21,2.80,3.66
2014-02-20,0.27,0.46,0.84,1.27,1.67,2.29,2.87,3.71
2014-02-21,0.27,0.46,0.83,1.26,1.66,2.28,2.85,3.68
2014-02-24,0.27,0.46,0.84,1.26,1.65,2.27,2.84,3.67
2014-02-25,0.27,0.45,0.81,1.23,1.62,2.23,2.80,3.63
2014-02-26,0.27,0.44,0.80,1.22,1.61,2.21,2.78,3.61
2014-02-27,0.27,0.45,0.80,1.20,1.58,2.19,2.76,3.58
2014-02-28,0.27,0.46,0.83,1.25,1.64,2.24,2.80,3.60
2014-03-03,0.27,0.45,0.80,1.20,1.58,2.18,2.74,3.56
2014-03-04,0.27,0.46,0.82,1.23,1.62,2.22,2.78,3.59
2014-03-05,0.27,0.46,0.83,1.24,1.63,2.23,2.79,3.60
2014-03-06,0.27,0.48,0.86,1.28,1.67,2.28,2.85,3.65
2014-03-07,0.28,0.51,0.91,1.33,1.73,2.34,2.90,3.70
2014-03-10,0.28,0.51,0.90,1.33,1.72,2.32,2.88,3.68
2014-03-11,0.28,0.51,0.91,1.33,1.72,2.33,2.89,3.69
2014-03-12,0.28,0.50,0.88,1.30,1.68,2.28,2.84,3.64
2014-03-13,0.28,0.51,0.89,1.31,1.68,2.27,2.82,3.62
2014-03-14,0.28,0.48,0.84,1.25,1.62,2.20,2.74,3.54
2014-03-17,0.28,0.49,0.86,1.27,1.64,2.23,2.78,3.57
2014-03-18,0.28,0.49,0.87,1.28,1.65,2.25,2.80,3.60
2014-03-19,0.28,0.49,0.87,1.28,1.66,2.25,2.80,3.61
2014-03-20,0.29,0.56,1.01,1.44,1.81,2.38,2.89,3.63
2014-03-21,0.29,0.57,1.02,1.45,1.82,2.38,2.89,3.61
2014-03-24,0.29,0.58,1.03,1.47,1.83,2.38,2.87,3.57
2014-03-25,0.28,0.57,1.01,1.44,1.80,2.36,2.85,3.57
2014-03-26,0.28,0.56,1.00,1.43,1.80,2.35,2.84,3.55
2014-03-27,0.28,0.57,1.02,1.44,1.80,2.34,2.82,3.51
2014-03-28,0.28,0.57,1.03,1.45,1.81,2.35,2.83,3.52
2014-03-31,0.28,0.56,1.01,1.45,1.82,2.37,2.86,3.55
2014-04-01,0.27,0.56,1.01,1.45,1.83,2.39,2.89,3.59
2014-04-02,0.27,0.57,1.04,1.49,1.87,2.43,2.93,3.63
2014-04-03,0.28,0.57,1.04,1.49,1.87,2.42,2.90,3.61
2014-04-04,0.27,0.55,1.00,1.44,1.81,2.36,2.85,3.57
2014-04-07,0.27,0.53,0.97,1.40,1.77,2.32,2.81,3.55
2014-04-08,0.27,0.53,0.98,1.41,1.78,2.33,2.82,3.55
2014-04-09,0.27,0.53,0.99,1.42,1.78,2.33,2.82,3.54
2014-04-10,0.26,0.49,0.91,1.34,1.70,2.26,2.77,3.51
2014-04-11,0.26,0.49,0.91,1.33,1.69,2.24,2.75,3.48
2014-04-14,0.26,0.51,0.93,1.35,1.72,2.27,2.77,3.48
2014-04-15,0.26,0.51,0.93,1.35,1.71,2.25,2.74,3.45
2014-04-16,0.26,0.52,0.96,1.39,1.75,2.29,2.77,3.48
2014-04-17,0.26,0.54,1.00,1.44,1.81,2.33,2.80,3.47
2014-04-21,0.26,0.54,1.00,1.44,1.80,2.33,2.81,3.48
2014-04-22,0.26,0.55,1.02,1.46,1.83,2.37,2.84,3.52
2014-04-23,0.26,0.54,1.00,1.43,1.80,2.33,2.80,3.47
2014-04-24,0.27,0.55,1.01,1.45,1.82,2.34,2.80,3.47
2014-04-25,0.26,0.54,0.98,1.42,1.78,2.31,2.76,3.42
2014-04-28,0.27,0.55,1.01,1.46,1.83,2.35,2.80,3.48
2014-04-29,0.27,0.55,1.01,1.45,1.82,2.35,2.81,3.49
2014-04-30,0.26,0.54,0.99,1.42,1.78,2.30,2.77,3.46
2014-05-01,0.26,0.53,0.98,1.40,1.75,2.27,2.74,3.42
2014-05-02,0.27,0.56,1.00,1.42,1.76,2.27,2.72,3.39
2014-05-05,0.26,0.56,1.01,1.43,1.77,2.28,2.73,3.40
2014-05-06,0.26,0.56,1.01,1.43,1.77,2.27,2.71,3.38
2014-05-07,0.26,0.55,0.99,1.41,1.75,2.25,2.71,3.39
2014-05-08,0.25,0.53,0.96,1.37,1.70,2.20,2.66,3.36
2014-05-09,0.26,0.53,0.97,1.37,1.71,2.22,2.69,3.41
2014-05-12,0.26,0.54,0.98,1.39,1.74,2.25,2.73,3.45
2014-05-13,0.26,0.52,0.95,1.37,1.71,2.23,2.70,3.42
2014-05-14,0.25,0.50,0.92,1.32,1.66,2.16,2.63,3.35
2014-05-15,0.25,0.50,0.90,1.29,1.61,2.11,2.58,3.29
2014-05-16,0.26,0.51,0.92,1.31,1.64,2.14,2.60,3.30
2014-05-19,0.26,0.49,0.89,1.28,1.61,2.12,2.60,3.31
2014-05-20,0.26,0.50,0.89,1.29,1.63,2.15,2.63,3.36
2014-05-21,0.26,0.50,0.90,1.29,1.64,2.15,2.64,3.38
2014-05-22,0.26,0.50,0.90,1.30,1.64,2.16,2.64,3.37
2014-05-23,0.26,0.50,0.89,1.28,1.62,2.13,2.61,3.35
2014-05-27,0.27,0.52,0.91,1.30,1.64,2.15,2.63,3.35
2014-05-28,0.26,0.49,0.86,1.24,1.57,2.07,2.54,3.26
2014-05-29,0.26,0.48,0.85,1.22,1.54,2.03,2.50,3.24
2014-05-30,0.27,0.51,0.90,1.28,1.61,2.11,2.58,3.30
2014-06-02,0.27,0.53,0.93,1.32,1.66,2.16,2.62,3.34
2014-06-03,0.27,0.53,0.95,1.35,1.70,2.21,2.68,3.39
2014-06-04,0.27,0.54,0.96,1.38,1.74,2.26,2.73,3.44
2014-06-05,0.26,0.53,0.95,1.36,1.71,2.24,2.71,3.43
2014-06-06,0.27,0.54,0.96,1.37,1.72,2.23,2.69,3.40
2014-06-09,0.27,0.57,1.01,1.42,1.77,2.28,2.74,3.44
2014-06-10,0.27,0.58,1.02,1.44,1.79,2.30,2.75,3.45
2014-06-11,0.28,0.57,1.01,1.42,1.76,2.27,2.73,3.42
2014-06-12,0.28,0.58,1.01,1.42,1.76,2.26,2.72,3.42
2014-06-13,0.29,0.60,1.04,1.45,1.79,2.27,2.71,3.38
2014-06-16,0.29,0.61,1.05,1.45,1.78,2.26,2.70,3.38
2014-06-17,0.30,0.63,1.08,1.49,1.83,2.31,2.74,3.40
2014-06-18,0.30,0.62,1.06,1.46,1.79,2.28,2.73,3.40
2014-06-19,0.29,0.61,1.04,1.44,1.76,2.23,2.68,3.37
2014-06-20,0.29,0.62,1.07,1.47,1.80,2.28,2.72,3.42
2014-06-23,0.29,0.62,1.06,1.46,1.78,2.25,2.69,3.38
2014-06-24,0.30,0.63,1.07,1.47,1.79,2.26,2.70,3.38
2014-06-25,0.29,0.60,1.03,1.42,1.73,2.21,2.65,3.34
2014-06-26,0.29,0.59,1.01,1.40,1.71,2.19,2.63,3.32
2014-06-27,0.29,0.58,1.00,1.39,1.70,2.17,2.62,3.32
2014-06-30,0.29,0.58,1.00,1.39,1.70,2.18,2.62,3.32
2014-07-01,0.29,0.59,1.01,1.41,1.73,2.21,2.66,3.36
2014-07-02,0.30,0.61,1.04,1.44,1.77,2.25,2.71,3.41
2014-07-03,0.30,0.65,1.10,1.50,1.83,2.31,2.75,3.45
2014-07-07,0.31,0.66,1.11,1.50,1.82,2.28,2.72,3.40
2014-07-08,0.30,0.65,1.08,1.47,1.78,2.24,2.67,3.36
2014-07-09,0.31,0.67,1.11,1.50,1.81,2.26,2.68,3.35
2014-07-10,0.29,0.62,1.05,1.43,1.74,2.20,2.63,3.32
2014-07-11,0.30,0.62,1.04,1.43,1.74,2.19,2.62,3.31
2014-07-14,0.30,0.63,1.06,1.45,1.77,2.22,2.65,3.32
2014-07-15,0.31,0.66,1.10,1.49,1.80,2.25,2.68,3.35
2014-07-16,0.31,0.67,1.11,1.50,1.80,2.24,2.65,3.32
2014-07-17,0.31,0.67,1.11,1.49,1.78,2.21,2.62,3.28
2014-07-18,0.31,0.66,1.11,1.48,1.77,2.20,2.60,3.26
2014-07-21,0.32,0.68,1.12,1.49,1.77,2.18,2.57,3.22
2014-07-22,0.31,0.68,1.12,1.50,1.79,2.21,2.60,3.25
2014-07-23,0.31,0.67,1.11,1.48,1.77,2.19,2.59,3.22
2014-07-24,0.32,0.69,1.14,1.53,1.81,2.24,2.63,3.28
2014-07-25,0.32,0.69,1.15,1.53,1.82,2.23,2.61,3.23
2014-07-28,0.33,0.70,1.15,1.53,1.82,2.22,2.60,3.20
2014-07-29,0.33,0.71,1.16,1.54,1.83,2.22,2.60,3.21
2014-07-30,0.36,0.76,1.22,1.60,1.89,2.29,2.66,3.24
2014-07-31,0.34,0.74,1.21,1.60,1.90,2.31,2.70,3.30
2014-08-01,0.32,0.69,1.14,1.53,1.82,2.25,2.65,3.28
2014-08-04,0.32,0.67,1.11,1.49,1.78,2.21,2.61,3.25
2014-08-05,0.33,0.69,1.14,1.53,1.83,2.26,2.66,3.30
2014-08-06,0.32,0.68,1.12,1.51,1.80,2.21,2.61,3.24
2014-08-07,0.32,0.68,1.12,1.50,1.79,2.20,2.60,3.23
2014-08-08,0.32,0.66,1.09,1.46,1.74,2.15,2.54,3.17
2014-08-11,0.32,0.68,1.12,1.50,1.79,2.20,2.59,3.22
2014-08-12,0.32,0.67,1.11,1.49,1.77,2.19,2.59,3.22
2014-08-13,0.31,0.64,1.07,1.45,1.74,2.16,2.57,3.22
2014-08-14,0.30,0.63,1.06,1.43,1.72,2.14,2.55,3.19
2014-08-15,0.30,0.63,1.04,1.40,1.69,2.09,2.48,3.10
2014-08-18,0.31,0.65,1.08,1.45,1.73,2.14,2.53,3.15
2014-08-19,0.31,0.65,1.08,1.45,1.73,2.15,2.55,3.19
2014-08-20,0.31,0.67,1.10,1.47,1.76,2.18,2.58,3.22
2014-08-21,0.32,0.69,1.13,1.50,1.79,2.19,2.57,3.19
2014-08-22,0.33,0.72,1.16,1.54,1.82,2.20,2.57,3.17
2014-08-25,0.34,0.72,1.17,1.54,1.82,2.19,2.55,3.14
2014-08-26,0.34,0.73,1.17,1.53,1.80,2.17,2.53,3.12
2014-08-27,0.33,0.71,1.15,1.51,1.78,2.16,2.52,3.12
2014-08-28,0.34,0.72,1.16,1.52,1.78,2.14,2.48,3.05
2014-08-29,0.34,0.72,1.15,1.51,1.78,2.14,2.49,3.06
2014-09-02,0.34,0.74,1.19,1.55,1.82,2.19,2.55,3.14
2014-09-03,0.34,0.74,1.18,1.55,1.82,2.20,2.56,3.15
2014-09-04,0.35,0.75,1.20,1.57,1.84,2.22,2.57,3.17
2014-09-05,0.34,0.72,1.16,1.53,1.80,2.19,2.55,3.17
2014-09-08,0.34,0.72,1.16,1.53,1.80,2.19,2.55,3.16
2014-09-09,0.36,0.77,1.23,1.61,1.88,2.26,2.61,3.20
2014-09-10,0.37,0.78,1.25,1.63,1.92,2.31,2.66,3.25
2014-09-11,0.36,0.78,1.25,1.63,1.91,2.30,2.65,3.24
2014-09-12,0.37,0.81,1.28,1.68,1.97,2.37,2.74,3.33
2014-09-15,0.36,0.79,1.26,1.66,1.95,2.36,2.73,3.32
2014-09-16,0.36,0.79,1.25,1.65,1.95,2.36,2.73,3.33
2014-09-17,0.36,0.77,1.24,1.64,1.93,2.34,2.72,3.34
2014-09-18,0.37,0.82,1.31,1.72,2.02,2.42,2.78,3.36
2014-09-19,0.37,0.81,1.31,1.71,2.00,2.40,2.75,3.34
2014-09-22,0.36,0.80,1.28,1.67,1.96,2.34,2.69,3.27
2014-09-23,0.36,0.80,1.27,1.66,1.94,2.33,2.67,3.25
2014-09-24,0.37,0.80,1.27,1.66,1.94,2.32,2.67,3.24
2014-09-25,0.36,0.79,1.27,1.65,1.93,2.31,2.66,3.23
2014-09-26,0.36,0.81,1.29,1.67,1.95,2.32,2.65,3.21
2014-09-29,0.36,0.82,1.30,1.67,1.94,2.30,2.63,3.16
2014-09-30,0.37,0.83,1.31,1.68,1.94,2.30,2.64,3.18
2014-10-01,0.35,0.79,1.26,1.62,1.88,2.25,2.58,3.15
2014-10-02,0.35,0.78,1.24,1.60,1.86,2.22,2.56,3.13
2014-10-03,0.36,0.83,1.31,1.68,1.94,2.30,2.62,3.16
2014-10-06,0.35,0.81,1.27,1.63,1.89,2.25,2.59,3.14
2014-10-07,0.35,0.79,1.24,1.59,1.85,2.21,2.55,3.10
2014-10-08,0.35,0.76,1.20,1.55,1.81,2.16,2.49,3.05
2014-10-09,0.32,0.71,1.15,1.49,1.75,2.12,2.47,3.05
2014-10-10,0.32,0.71,1.14,1.49,1.74,2.10,2.45,3.03
2014-10-14,0.30,0.65,1.06,1.39,1.65,2.01,2.36,2.96
2014-10-15,0.29,0.57,0.93,1.23,1.47,1.84,2.21,2.84
2014-10-16,0.32,0.62,0.98,1.30,1.56,1.93,2.30,2.92
2014-10-17,0.32,0.64,1.03,1.36,1.62,2.00,2.37,2.99
2014-10-20,0.30,0.62,1.00,1.33,1.59,1.97,2.33,2.96
2014-10-21,0.30,0.62,1.00,1.34,1.60,1.99,2.35,2.96
2014-10-22,0.31,0.63,1.01,1.35,1.62,2.00,2.36,2.97
2014-10-23,0.31,0.65,1.05,1.39,1.66,2.05,2.41,3.02
2014-10-24,0.31,0.65,1.05,1.40,1.67,2.05,2.40,3.01
2014-10-27,0.31,0.64,1.04,1.39,1.66,2.04,2.40,3.01
2014-10-28,0.30,0.64,1.04,1.39,1.67,2.06,2.42,3.03
2014-10-29,0.31,0.65,1.06,1.42,1.70,2.09,2.45,3.05
2014-10-30,0.32,0.68,1.10,1.46,1.73,2.10,2.43,3.00
2014-10-31,0.33,0.71,1.14,1.50,1.77,2.14,2.49,3.07
2014-11-03,0.34,0.74,1.17,1.53,1.80,2.18,2.52,3.08
2014-11-04,0.33,0.71,1.13,1.48,1.74,2.12,2.46,3.02
2014-11-05,0.34,0.73,1.16,1.52,1.78,2.16,2.50,3.05
2014-11-06,0.34,0.75,1.17,1.53,1.79,2.17,2.51,3.06
2014-11-07,0.34,0.73,1.15,1.50,1.76,2.13,2.47,3.03
2014-11-10,0.34,0.73,1.15,1.50,1.76,2.12,2.46,3.03
2014-11-12,0.35,0.74,1.16,1.50,1.76,2.12,2.46,3.02
2014-11-13,0.34,0.74,1.17,1.51,1.77,2.14,2.48,3.05
2014-11-14,0.35,0.75,1.18,1.52,1.78,2.14,2.48,3.04
2014-11-17,0.34,0.73,1.15,1.49,1.75,2.12,2.46,3.03
2014-11-18,0.34,0.72,1.14,1.48,1.74,2.11,2.44,3.01
2014-11-19,0.35,0.74,1.17,1.51,1.77,2.14,2.47,3.03
2014-11-20,0.34,0.73,1.16,1.51,1.77,2.14,2.47,3.03
2014-11-21,0.34,0.72,1.14,1.49,1.75,2.11,2.44,3.00
2014-11-24,0.34,0.73,1.15,1.49,1.75,2.12,2.45,3.00
2014-11-25,0.34,0.72,1.14,1.47,1.73,2.09,2.42,2.98
2014-11-26,0.34,0.71,1.11,1.43,1.68,2.04,2.36,2.92
2014-11-28,0.34,0.70,1.10,1.42,1.66,2.01,2.34,2.90
2014-12-01,0.33,0.68,1.06,1.38,1.62,1.98,2.32,2.89
2014-12-02,0.35,0.74,1.15,1.47,1.72,2.08,2.41,2.97
2014-12-03,0.36,0.76,1.17,1.50,1.75,2.10,2.43,2.98
2014-12-04,0.36,0.76,1.17,1.49,1.73,2.07,2.38,2.93
2014-12-05,0.40,0.85,1.28,1.59,1.82,2.14,2.43,2.94
2014-12-08,0.41,0.87,1.29,1.60,1.82,2.13,2.41,2.91
2014-12-09,0.40,0.82,1.23,1.54,1.75,2.05,2.33,2.84
2014-12-10,0.40,0.83,1.23,1.53,1.74,2.04,2.32,2.83
2014-12-11,0.41,0.84,1.25,1.55,1.76,2.05,2.32,2.83
2014-12-12,0.38,0.78,1.17,1.46,1.66,1.95,2.23,2.73
2014-12-15,0.40,0.82,1.21,1.51,1.71,1.99,2.25,2.73
2014-12-16,0.39,0.79,1.18,1.47,1.68,1.95,2.21,2.68
2014-12-17,0.40,0.80,1.19,1.49,1.69,1.96,2.21,2.67
2014-12-18,0.42,0.86,1.27,1.58,1.80,2.09,2.35,2.78
2014-12-19,0.43,0.86,1.27,1.56,1.78,2.06,2.32,2.76
2014-12-22,0.43,0.89,1.29,1.59,1.80,2.07,2.31,2.73
2014-12-23,0.45,0.92,1.33,1.62,1.83,2.09,2.32,2.73
2014-12-24,0.45,0.93,1.35,1.66,1.88,2.17,2.42,2.83
2014-12-26,0.45,0.93,1.34,1.65,1.86,2.14,2.38,2.78
2014-12-29,0.44,0.89,1.30,1.60,1.81,2.08,2.32,2.72
2014-12-30,0.44,0.89,1.28,1.57,1.78,2.05,2.29,2.70
2014-12-31,0.44,0.89,1.29,1.58,1.79,2.06,2.31,2.71
2015-01-02,0.45,0.89,1.28,1.55,1.74,2.00,2.23,2.65
2015-01-05,0.45,0.89,1.27,1.52,1.70,1.95,2.17,2.57
2015-01-06,0.43,0.84,1.20,1.45,1.62,1.86,2.08,2.49
2015-01-07,0.44,0.85,1.20,1.45,1.62,1.87,2.09,2.49
2015-01-08,0.44,0.85,1.20,1.46,1.64,1.90,2.13,2.54
2015-01-09,0.40,0.79,1.14,1.39,1.58,1.85,2.10,2.52
2015-01-12,0.41,0.79,1.12,1.37,1.55,1.82,2.06,2.48
2015-01-13,0.41,0.78,1.12,1.36,1.55,1.81,2.05,2.45
2015-01-14,0.38,0.71,1.02,1.26,1.44,1.70,1.94,2.36
2015-01-15,0.38,0.70,1.00,1.23,1.41,1.67,1.92,2.36
2015-01-16,0.39,0.72,1.02,1.26,1.43,1.69,1.94,2.36
2015-01-20,0.39,0.71,1.00,1.23,1.40,1.65,1.88,2.30
2015-01-21,0.39,0.72,1.03,1.26,1.44,1.69,1.94,2.32
2015-01-22,0.40,0.76,1.09,1.33,1.51,1.77,2.01,2.39
2015-01-23,0.40,0.75,1.07,1.31,1.48,1.73,1.95,2.31
2015-01-26,0.41,0.78,1.10,1.35,1.52,1.77,1.99,2.34
2015-01-27,0.40,0.74,1.04,1.27,1.45,1.68,1.90,2.27
2015-01-28,0.41,0.75,1.06,1.30,1.47,1.71,1.93,2.29
2015-01-29,0.41,0.75,1.05,1.28,1.45,1.68,1.90,2.25
2015-01-30,0.40,0.71,1.00,1.21,1.37,1.60,1.82,2.17
2015-02-02,0.40,0.71,1.00,1.21,1.37,1.61,1.83,2.19
2015-02-03,0.41,0.73,1.02,1.24,1.41,1.65,1.87,2.24
2015-02-04,0.43,0.78,1.09,1.31,1.48,1.73,1.96,2.34
2015-02-05,0.43,0.78,1.08,1.31,1.48,1.73,1.95,2.33
2015-02-06,0.49,0.88,1.21,1.45,1.62,1.86,2.07,2.43
2015-02-09,0.49,0.90,1.23,1.46,1.63,1.86,2.06,2.39
2015-02-10,0.49,0.91,1.25,1.50,1.67,1.91,2.12,2.47
2015-02-11,0.50,0.92,1.26,1.51,1.68,1.93,2.15,2.51
2015-02-12,0.49,0.90,1.24,1.48,1.66,1.90,2.11,2.46
2015-02-13,0.48,0.89,1.23,1.48,1.66,1.91,2.14,2.52
2015-02-17,0.50,0.93,1.28,1.54,1.73,1.98,2.21,2.58
2015-02-18,0.51,0.94,1.30,1.56,1.76,2.02,2.24,2.60
2015-02-19,0.48,0.88,1.23,1.50,1.69,1.96,2.20,2.59
2015-02-20,0.49,0.90,1.25,1.51,1.70,1.97,2.20,2.59
2015-02-23,0.48,0.90,1.26,1.52,1.71,1.98,2.21,2.59
2015-02-24,0.47,0.89,1.24,1.50,1.68,1.95,2.18,2.56
2015-02-25,0.47,0.86,1.19,1.44,1.62,1.87,2.10,2.48
2015-02-26,0.48,0.89,1.23,1.48,1.66,1.90,2.12,2.48
2015-02-27,0.48,0.88,1.23,1.48,1.66,1.91,2.14,2.51
2015-03-02,0.49,0.91,1.26,1.52,1.71,1.96,2.18,2.54
2015-03-03,0.50,0.93,1.29,1.55,1.75,2.00,2.23,2.59
2015-03-04,0.49,0.92,1.28,1.55,1.75,2.01,2.24,2.60
2015-03-05,0.49,0.91,1.28,1.55,1.75,2.02,2.25,2.62
2015-03-06,0.53,0.97,1.35,1.63,1.83,2.11,2.35,2.72
2015-03-09,0.52,0.96,1.33,1.61,1.81,2.08,2.31,2.68
2015-03-10,0.52,0.95,1.31,1.57,1.76,2.02,2.25,2.61
2015-03-11,0.53,0.96,1.32,1.58,1.77,2.02,2.24,2.58
2015-03-12,0.51,0.93,1.29,1.55,1.73,1.98,2.19,2.53
2015-03-13,0.51,0.93,1.28,1.54,1.73,1.99,2.21,2.56
2015-03-16,0.51,0.92,1.27,1.53,1.72,1.97,2.19,2.53
2015-03-17,0.52,0.93,1.27,1.52,1.70,1.95,2.17,2.49
2015-03-18,0.52,0.94,1.28,1.52,1.69,1.93,2.13,2.44
2015-03-19,0.49,0.86,1.18,1.42,1.59,1.82,2.02,2.33
2015-03-20,0.48,0.85,1.16,1.40,1.58,1.82,2.03,2.35
2015-03-23,0.49,0.85,1.16,1.39,1.56,1.81,2.02,2.35
2015-03-24,0.49,0.84,1.15,1.38,1.55,1.79,2.00,2.33
2015-03-25,0.47,0.83,1.13,1.35,1.52,1.76,1.98,2.31
2015-03-26,0.48,0.86,1.18,1.41,1.60,1.85,2.07,2.41
2015-03-27,0.47,0.83,1.15,1.39,1.57,1.83,2.06,2.40
2015-03-30,0.47,0.82,1.14,1.38,1.56,1.82,2.05,2.39
2015-03-31,0.46,0.81,1.12,1.36,1.54,1.80,2.03,2.38
2015-04-01,0.46,0.79,1.09,1.32,1.50,1.75,1.98,2.33
2015-04-02,0.47,0.80,1.10,1.34,1.52,1.77,2.01,2.37
2015-04-07,0.45,0.78,1.08,1.32,1.51,1.78,2.03,2.42
2015-04-08,0.45,0.78,1.08,1.32,1.50,1.76,2.00,2.38
2015-04-09,0.46,0.80,1.11,1.35,1.53,1.78,2.01,2.39
2015-04-10,0.47,0.81,1.12,1.36,1.55,1.80,2.04,2.41
2015-04-13,0.46,0.81,1.12,1.36,1.54,1.80,2.04,2.43
2015-04-14,0.45,0.77,1.06,1.28,1.46,1.71,1.94,2.33
2015-04-15,0.45,0.77,1.06,1.29,1.47,1.72,1.97,2.36
2015-04-16,0.45,0.78,1.08,1.31,1.49,1.76,2.01,2.41
2015-04-17,0.45,0.78,1.08,1.31,1.49,1.75,1.99,2.39
2015-04-20,0.46,0.78,1.07,1.30,1.48,1.73,1.96,2.35
2015-04-21,0.47,0.80,1.10,1.32,1.50,1.75,1.98,2.35
2015-04-22,0.47,0.81,1.12,1.36,1.54,1.80,2.03,2.40
2015-04-23,0.47,0.80,1.11,1.35,1.53,1.80,2.03,2.39
2015-04-24,0.46,0.78,1.07,1.30,1.48,1.75,1.99,2.37
2015-04-27,0.46,0.79,1.09,1.32,1.51,1.78,2.02,2.41
2015-04-28,0.46,0.79,1.09,1.33,1.52,1.79,2.03,2.43
2015-04-29,0.47,0.82,1.13,1.39,1.59,1.88,2.14,2.55
2015-04-30,0.49,0.86,1.19,1.45,1.65,1.94,2.19,2.58
2015-05-01,0.49,0.86,1.18,1.44,1.64,1.93,2.19,2.59
2015-05-04,0.49,0.85,1.18,1.44,1.64,1.94,2.20,2.61
2015-05-05,0.49,0.88,1.22,1.48,1.69,2.00,2.27,2.69
2015-05-06,0.50,0.89,1.25,1.52,1.73,2.04,2.31,2.73
2015-05-07,0.49,0.90,1.25,1.52,1.72,2.02,2.29,2.70
2015-05-08,0.46,0.84,1.18,1.43,1.63,1.93,2.20,2.63
2015-05-11,0.48,0.87,1.21,1.48,1.69,2.00,2.28,2.74
2015-05-12,0.48,0.87,1.23,1.51,1.73,2.05,2.34,2.78
2015-05-13,0.46,0.83,1.18,1.45,1.68,2.01,2.30,2.77
2015-05-14,0.45,0.82,1.16,1.44,1.66,1.99,2.29,2.77
2015-05-15,0.45,0.81,1.14,1.41,1.62,1.94,2.22,2.70
2015-05-18,0.46,0.83,1.16,1.44,1.66,1.99,2.28,2.75
2015-05-19,0.48,0.86,1.21,1.49,1.71,2.03,2.32,2.76
2015-05-20,0.48,0.85,1.20,1.47,1.69,2.02,2.30,2.76
2015-05-21,0.48,0.84,1.19,1.45,1.67,1.99,2.28,2.73
2015-05-22,0.50,0.88,1.22,1.48,1.69,2.00,2.27,2.70
2015-05-26,0.51,0.89,1.22,1.48,1.69,1.98,2.25,2.67
2015-05-27,0.51,0.89,1.23,1.49,1.69,1.98,2.24,2.66
2015-05-28,0.50,0.87,1.20,1.46,1.66,1.96,2.23,2.65
2015-05-29,0.49,0.85,1.18,1.43,1.63,1.93,2.20,2.62
2015-06-01,0.49,0.87,1.19,1.44,1.65,1.96,2.23,2.67
2015-06-02,0.51,0.90,1.24,1.51,1.73,2.04,2.32,2.75
2015-06-03,0.51,0.91,1.27,1.56,1.79,2.12,2.41,2.83
2015-06-04,0.51,0.91,1.27,1.55,1.79,2.12,2.40,2.82
2015-06-05,0.55,0.98,1.35,1.64,1.88,2.20,2.48,2.88
2015-06-08,0.54,0.95,1.32,1.60,1.84,2.17,2.46,2.88
2015-06-09,0.55,0.97,1.35,1.65,1.88,2.23,2.52,2.95
2015-06-10,0.56,0.98,1.36,1.66,1.91,2.25,2.55,2.98
2015-06-11,0.57,1.00,1.37,1.66,1.90,2.23,2.51,2.93
2015-06-12,0.57,0.98,1.33,1.61,1.84,2.16,2.43,2.84
2015-06-15,0.55,0.96,1.32,1.60,1.83,2.15,2.44,2.86
2015-06-16,0.56,0.96,1.31,1.59,1.82,2.15,2.44,2.87
2015-06-17,0.57,0.99,1.35,1.63,1.86,2.18,2.45,2.88
2015-06-18,0.51,0.90,1.25,1.54,1.78,2.12,2.42,2.88
2015-06-19,0.50,0.88,1.21,1.49,1.72,2.06,2.36,2.82
2015-06-22,0.52,0.91,1.26,1.54,1.78,2.13,2.43,2.88
2015-06-23,0.53,0.92,1.27,1.57,1.81,2.16,2.47,2.93
2015-06-24,0.52,0.92,1.29,1.58,1.83,2.18,2.51,2.97
2015-06-25,0.52,0.93,1.30,1.60,1.84,2.20,2.51,2.97
2015-06-26,0.53,0.94,1.31,1.61,1.86,2.23,2.55,3.01
2015-06-29,0.51,0.90,1.26,1.55,1.79,2.15,2.47,2.95
2015-06-30,0.51,0.90,1.25,1.54,1.78,2.14,2.46,2.94
2015-07-01,0.53,0.93,1.29,1.58,1.82,2.19,2.51,2.99
2015-07-02,0.51,0.90,1.26,1.55,1.79,2.16,2.49,2.98
2015-07-06,0.50,0.88,1.22,1.51,1.75,2.12,2.45,2.96
2015-07-07,0.47,0.82,1.14,1.41,1.64,2.00,2.33,2.82
2015-07-08,0.48,0.83,1.16,1.44,1.68,2.04,2.37,2.84
2015-07-09,0.47,0.83,1.16,1.45,1.69,2.06,2.39,2.87
2015-07-10,0.50,0.87,1.22,1.51,1.76,2.13,2.47,2.96
2015-07-13,0.53,0.93,1.28,1.58,1.83,2.19,2.52,2.99
2015-07-14,0.51,0.89,1.24,1.54,1.79,2.16,2.50,2.99
2015-07-15,0.52,0.90,1.26,1.55,1.79,2.15,2.48,2.96
2015-07-16,0.53,0.91,1.25,1.53,1.77,2.12,2.44,2.91
2015-07-17,0.54,0.93,1.27,1.56,1.79,2.13,2.44,2.88
2015-07-20,0.56,0.96,1.30,1.58,1.82,2.15,2.45,2.89
2015-07-21,0.56,0.95,1.29,1.57,1.80,2.15,2.45,2.90
2015-07-22,0.56,0.94,1.28,1.55,1.77,2.10,2.39,2.83
2015-07-23,0.57,0.97,1.31,1.59,1.81,2.13,2.42,2.85
2015-07-24,0.55,0.93,1.26,1.53,1.74,2.07,2.35,2.78
2015-07-27,0.54,0.91,1.23,1.49,1.71,2.02,2.31,2.75
2015-07-28,0.55,0.91,1.23,1.50,1.72,2.04,2.34,2.78
2015-07-29,0.55,0.93,1.26,1.53,1.75,2.08,2.37,2.80
2015-07-30,0.59,0.97,1.30,1.56,1.77,2.08,2.36,2.77
2015-07-31,0.55,0.90,1.22,1.47,1.68,2.00,2.28,2.71
2015-08-03,0.54,0.90,1.21,1.46,1.67,1.98,2.26,2.69
2015-08-04,0.55,0.91,1.22,1.47,1.68,1.98,2.26,2.68
2015-08-05,0.60,0.98,1.31,1.57,1.78,2.09,2.36,2.76
2015-08-06,0.58,0.95,1.28,1.54,1.74,2.05,2.32,2.72
2015-08-07,0.60,0.98,1.29,1.53,1.73,2.02,2.28,2.68
2015-08-10,0.60,0.98,1.29,1.54,1.74,2.03,2.30,2.69
2015-08-11,0.57,0.92,1.23,1.47,1.66,1.96,2.23,2.63
2015-08-12,0.54,0.88,1.17,1.41,1.60,1.89,2.17,2.57
2015-08-13,0.58,0.94,1.24,1.49,1.68,1.98,2.25,2.64
2015-08-14,0.60,0.96,1.27,1.51,1.71,2.01,2.27,2.67
2015-08-17,0.59,0.95,1.25,1.49,1.68,1.97,2.24,2.63
2015-08-18,0.59,0.95,1.26,1.50,1.69,1.99,2.25,2.65
2015-08-19,0.59,0.95,1.25,1.50,1.70,1.99,2.26,2.66
2015-08-20,0.55,0.89,1.18,1.42,1.61,1.90,2.18,2.58
2015-08-21,0.54,0.87,1.16,1.39,1.58,1.87,2.15,2.57
2015-08-24,0.50,0.80,1.07,1.30,1.49,1.79,2.07,2.51
2015-08-25,0.50,0.82,1.10,1.34,1.55,1.86,2.15,2.60
2015-08-26,0.48,0.79,1.08,1.33,1.54,1.87,2.18,2.65
2015-08-27,0.52,0.84,1.15,1.40,1.61,1.94,2.24,2.69
2015-08-28,0.52,0.83,1.12,1.37,1.58,1.91,2.21,2.67
2015-08-31,0.53,0.87,1.16,1.40,1.61,1.92,2.22,2.67
2015-09-01,0.54,0.86,1.15,1.39,1.59,1.92,2.22,2.69
2015-09-02,0.54,0.85,1.15,1.39,1.60,1.93,2.23,2.70
2015-09-03,0.53,0.84,1.14,1.39,1.60,1.93,2.25,2.73
2015-09-04,0.55,0.86,1.14,1.37,1.57,1.89,2.19,2.65
2015-09-08,0.55,0.85,1.14,1.38,1.58,1.91,2.22,2.70
2015-09-09,0.55,0.87,1.16,1.40,1.61,1.94,2.25,2.72
2015-09-10,0.56,0.86,1.15,1.39,1.59,1.92,2.23,2.69
2015-09-11,0.55,0.85,1.13,1.36,1.57,1.89,2.20,2.66
2015-09-14,0.55,0.86,1.13,1.36,1.57,1.90,2.20,2.68
2015-09-15,0.57,0.88,1.16,1.40,1.61,1.94,2.26,2.76
2015-09-16,0.58,0.90,1.18,1.42,1.63,1.97,2.28,2.79
2015-09-17,0.60,0.92,1.20,1.44,1.65,1.98,2.29,2.79
2015-09-18,0.51,0.81,1.09,1.33,1.54,1.87,2.19,2.70
2015-09-21,0.52,0.82,1.10,1.34,1.54,1.88,2.20,2.72
2015-09-22,0.51,0.79,1.06,1.29,1.49,1.82,2.14,2.66
2015-09-23,0.51,0.80,1.07,1.30,1.51,1.84,2.16,2.69
2015-09-24,0.50,0.77,1.02,1.25,1.45,1.77,2.09,2.59
2015-09-25,0.52,0.80,1.07,1.31,1.51,1.85,2.16,2.67
2015-09-28,0.51,0.78,1.03,1.26,1.46,1.78,2.09,2.59
2015-09-29,0.50,0.76,1.01,1.23,1.42,1.74,2.04,2.55
2015-09-30,0.50,0.75,0.99,1.20,1.39,1.70,2.01,2.53
2015-10-01,0.50,0.76,1.00,1.21,1.40,1.71,2.01,2.51
2015-10-02,0.46,0.69,0.92,1.12,1.31,1.62,1.93,2.46
2015-10-05,0.48,0.73,0.96,1.18,1.37,1.69,2.01,2.54
2015-10-06,0.48,0.73,0.97,1.19,1.38,1.71,2.03,2.57
2015-10-07,0.49,0.75,0.99,1.21,1.41,1.73,2.05,2.57
2015-10-08,0.50,0.76,1.01,1.23,1.43,1.74,2.05,2.57
2015-10-09,0.50,0.77,1.03,1.25,1.45,1.77,2.08,2.60
2015-10-13,0.49,0.75,1.01,1.23,1.42,1.74,2.05,2.57
2015-10-14,0.45,0.68,0.92,1.13,1.32,1.64,1.96,2.51
2015-10-15,0.47,0.71,0.95,1.16,1.35,1.66,1.97,2.50
2015-10-16,0.48,0.72,0.96,1.17,1.36,1.66,1.97,2.49
2015-10-19,0.47,0.73,0.97,1.19,1.38,1.70,2.01,2.55
2015-10-20,0.48,0.74,0.99,1.21,1.41,1.72,2.03,2.57
2015-10-21,0.48,0.73,0.97,1.19,1.38,1.69,2.00,2.52
2015-10-22,0.47,0.72,0.96,1.18,1.38,1.69,2.00,2.53
2015-10-23,0.50,0.75,1.01,1.23,1.42,1.74,2.04,2.55
2015-10-26,0.50,0.75,1.00,1.22,1.41,1.71,2.01,2.51
2015-10-27,0.49,0.73,0.96,1.17,1.36,1.67,1.97,2.47
2015-10-28,0.50,0.75,0.99,1.21,1.40,1.70,2.00,2.51
2015-10-29,0.55,0.84,1.10,1.32,1.50,1.80,2.08,2.56
2015-10-30,0.56,0.85,1.11,1.33,1.51,1.81,2.09,2.56
2015-11-02,0.56,0.87,1.13,1.34,1.53,1.82,2.10,2.57
2015-11-03,0.58,0.88,1.14,1.36,1.55,1.84,2.11,2.58
2015-11-04,0.60,0.91,1.18,1.39,1.57,1.85,2.12,2.58
2015-11-05,0.59,0.90,1.16,1.38,1.56,1.83,2.09,2.55
2015-11-06,0.64,0.98,1.27,1.50,1.68,1.96,2.23,2.69
2015-11-09,0.65,1.00,1.30,1.53,1.72,2.00,2.27,2.74
2015-11-10,0.63,0.96,1.25,1.48,1.66,1.94,2.22,2.68
2015-11-12,0.64,0.97,1.26,1.48,1.66,1.94,2.21,2.67
2015-11-13,0.63,0.95,1.23,1.44,1.62,1.90,2.16,2.62
2015-11-16,0.62,0.93,1.21,1.42,1.59,1.87,2.14,2.62
2015-11-17,0.65,0.97,1.25,1.47,1.64,1.92,2.18,2.65
2015-11-18,0.65,0.96,1.24,1.46,1.63,1.89,2.16,2.61
2015-11-19,0.64,0.94,1.20,1.41,1.57,1.83,2.08,2.52
2015-11-20,0.65,0.95,1.20,1.40,1.56,1.82,2.08,2.53
2015-11-23,0.67,0.98,1.23,1.43,1.59,1.84,2.09,2.52
2015-11-24,0.68,0.98,1.24,1.43,1.59,1.85,2.11,2.55
2015-11-25,0.69,0.99,1.25,1.45,1.60,1.85,2.11,2.55
2015-11-27,0.68,0.98,1.23,1.42,1.57,1.82,2.08,2.54
2015-11-30,0.69,1.00,1.24,1.43,1.58,1.82,2.07,2.53
2015-12-01,0.69,0.98,1.21,1.39,1.54,1.78,2.04,2.50
2015-12-02,0.70,1.00,1.24,1.42,1.57,1.81,2.07,2.51
2015-12-03,0.73,1.04,1.29,1.49,1.64,1.90,2.16,2.61
2015-12-04,0.73,1.04,1.29,1.49,1.66,1.93,2.20,2.66
2015-12-07,0.74,1.05,1.29,1.48,1.64,1.88,2.14,2.59
2015-12-08,0.75,1.05,1.29,1.47,1.62,1.87,2.12,2.57
2015-12-09,0.76,1.06,1.30,1.49,1.65,1.90,2.16,2.63
2015-12-10,0.75,1.04,1.28,1.48,1.63,1.88,2.15,2.62
2015-12-11,0.74,1.02,1.25,1.44,1.59,1.84,2.10,2.56
2015-12-14,0.74,1.01,1.25,1.43,1.59,1.85,2.11,2.58
2015-12-15,0.75,1.04,1.28,1.48,1.65,1.91,2.18,2.64
2015-12-16,0.76,1.06,1.31,1.51,1.68,1.94,2.20,2.66
2015-12-17,0.80,1.09,1.34,1.53,1.69,1.93,2.18,2.62
2015-12-18,0.81,1.10,1.34,1.53,1.67,1.91,2.15,2.59
2015-12-21,0.82,1.11,1.34,1.52,1.67,1.91,2.15,2.59
2015-12-22,0.82,1.11,1.35,1.53,1.69,1.93,2.17,2.62
2015-12-23,0.83,1.12,1.37,1.56,1.71,1.96,2.21,2.66
2015-12-24,0.83,1.13,1.37,1.55,1.70,1.93,2.17,2.61
2015-12-28,0.84,1.13,1.37,1.55,1.69,1.92,2.16,2.58
2015-12-29,0.85,1.16,1.40,1.58,1.73,1.97,2.20,2.64
2015-12-30,0.88,1.19,1.43,1.62,1.77,2.00,2.24,2.66
2015-12-31,0.86,1.16,1.40,1.58,1.72,1.95,2.18,2.61
2016-01-04,0.85,1.14,1.37,1.55,1.68,1.91,2.14,2.56
2016-01-05,0.85,1.14,1.37,1.55,1.69,1.92,2.17,2.62
2016-01-06,0.84,1.12,1.34,1.50,1.64,1.87,2.10,2.54
2016-01-07,0.82,1.09,1.30,1.47,1.61,1.85,2.10,2.55
2016-01-08,0.81,1.05,1.25,1.41,1.55,1.79,2.04,2.50
2016-01-11,0.80,1.02,1.21,1.38,1.52,1.75,2.01,2.47
2016-01-12,0.80,1.01,1.20,1.36,1.50,1.74,1.99,2.45
2016-01-13,0.80,1.01,1.19,1.35,1.48,1.72,1.98,2.43
2016-01-14,0.78,0.97,1.14,1.30,1.43,1.68,1.93,2.39
2016-01-15,0.75,0.91,1.07,1.22,1.36,1.60,1.87,2.33
2016-01-19,0.77,0.93,1.10,1.26,1.40,1.64,1.90,2.35
2016-01-20,0.72,0.87,1.03,1.18,1.31,1.56,1.81,2.26
2016-01-21,0.73,0.89,1.06,1.21,1.35,1.60,1.86,2.30
2016-01-22,0.75,0.93,1.11,1.27,1.42,1.67,1.92,2.37
2016-01-25,0.75,0.93,1.11,1.27,1.41,1.65,1.90,2.34
2016-01-26,0.75,0.92,1.10,1.26,1.40,1.63,1.88,2.33
2016-01-27,0.76,0.94,1.11,1.27,1.41,1.65,1.90,2.36
2016-01-28,0.73,0.90,1.07,1.23,1.37,1.62,1.88,2.34
2016-01-29,0.70,0.85,1.01,1.16,1.30,1.54,1.80,2.26
2016-02-01,0.71,0.87,1.04,1.19,1.33,1.58,1.84,2.30
2016-02-02,0.70,0.83,0.98,1.13,1.26,1.50,1.76,2.22
2016-02-03,0.67,0.77,0.91,1.05,1.19,1.44,1.71,2.19
2016-02-04,0.69,0.80,0.94,1.09,1.23,1.49,1.78,2.27
2016-02-05,0.71,0.82,0.97,1.11,1.25,1.51,1.79,2.28
2016-02-08,0.69,0.77,0.88,1.01,1.14,1.38,1.66,2.15
2016-02-09,0.68,0.74,0.85,0.98,1.11,1.35,1.63,2.11
2016-02-10,0.69,0.77,0.88,1.00,1.13,1.35,1.62,2.09
2016-02-12,0.67,0.74,0.85,0.97,1.10,1.31,1.56,2.04
2016-02-16,0.69,0.77,0.88,1.01,1.13,1.36,1.62,2.12
2016-02-17,0.71,0.81,0.94,1.07,1.20,1.43,1.69,2.20
2016-02-18,0.71,0.80,0.92,1.05,1.17,1.40,1.66,2.16
2016-02-22,0.72,0.81,0.92,1.03,1.15,1.36,1.61,2.11
2016-02-23,0.72,0.80,0.90,1.02,1.14,1.35,1.60,2.11
2016-02-24,0.71,0.77,0.86,0.96,1.07,1.28,1.52,2.03
2016-02-25,0.71,0.77,0.86,0.97,1.08,1.29,1.54,2.04
2016-02-26,0.75,0.84,0.94,1.05,1.16,1.36,1.60,2.10
2016-02-29,0.75,0.85,0.95,1.05,1.15,1.34,1.57,2.06
2016-03-01,0.75,0.87,0.97,1.08,1.20,1.40,1.63,2.14
2016-03-02,0.78,0.91,1.03,1.15,1.26,1.47,1.70,2.17
2016-03-03,0.77,0.90,1.03,1.15,1.27,1.47,1.70,2.16
2016-03-04,0.78,0.93,1.06,1.19,1.30,1.51,1.74,2.20
2016-03-07,0.80,0.95,1.08,1.21,1.33,1.53,1.76,2.20
2016-03-08,0.78,0.91,1.03,1.14,1.24,1.44,1.65,2.09
2016-03-09,0.80,0.94,1.06,1.17,1.28,1.48,1.70,2.15
2016-03-10,0.82,0.99,1.13,1.26,1.37,1.56,1.78,2.20
2016-03-11,0.83,1.01,1.16,1.29,1.40,1.59,1.81,2.23
2016-03-14,0.83,1.01,1.16,1.28,1.39,1.58,1.80,2.23
2016-03-15,0.85,1.03,1.17,1.30,1.40,1.59,1.80,2.22
2016-03-16,0.87,1.06,1.22,1.34,1.45,1.63,1.84,2.24
2016-03-17,0.78,0.94,1.08,1.20,1.31,1.51,1.74,2.18
2016-03-18,0.78,0.92,1.04,1.16,1.27,1.48,1.71,2.16
2016-03-21,0.79,0.94,1.07,1.19,1.30,1.51,1.74,2.20
2016-03-22,0.80,0.96,1.09,1.20,1.31,1.52,1.74,2.19
2016-03-23,0.82,0.98,1.12,1.24,1.34,1.54,1.77,2.20
2016-03-24,0.82,0.98,1.11,1.23,1.33,1.53,1.75,2.16
2016-03-28,0.81,0.96,1.09,1.21,1.32,1.52,1.74,2.17
2016-03-29,0.80,0.94,1.07,1.19,1.30,1.50,1.72,2.17
2016-03-30,0.76,0.89,1.01,1.14,1.25,1.47,1.71,2.19
2016-03-31,0.75,0.86,0.98,1.10,1.21,1.42,1.67,2.15
2016-04-01,0.77,0.89,1.00,1.11,1.22,1.43,1.67,2.16
2016-04-04,0.76,0.88,0.99,1.09,1.20,1.41,1.65,2.14
2016-04-05,0.74,0.85,0.94,1.05,1.15,1.36,1.60,2.08
2016-04-06,0.74,0.85,0.95,1.06,1.16,1.38,1.62,2.11
2016-04-07,0.74,0.83,0.93,1.03,1.13,1.34,1.58,2.07
2016-04-08,0.75,0.85,0.95,1.05,1.15,1.36,1.60,2.10
2016-04-11,0.74,0.85,0.94,1.04,1.15,1.36,1.61,2.11
2016-04-12,0.75,0.86,0.96,1.07,1.17,1.38,1.63,2.13
2016-04-13,0.76,0.88,0.99,1.09,1.20,1.40,1.65,2.14
2016-04-14,0.76,0.88,0.98,1.09,1.20,1.40,1.65,2.13
2016-04-15,0.76,0.86,0.96,1.06,1.17,1.37,1.61,2.09
2016-04-18,0.75,0.86,0.97,1.07,1.18,1.38,1.62,2.12
2016-04-19,0.77,0.90,1.01,1.12,1.22,1.43,1.67,2.16
2016-04-20,0.77,0.90,1.00,1.11,1.21,1.40,1.63,2.12
2016-04-21,0.81,0.95,1.08,1.20,1.31,1.51,1.75,2.24
2016-04-22,0.81,0.95,1.08,1.20,1.31,1.52,1.75,2.24
2016-04-25,0.81,0.95,1.08,1.20,1.31,1.52,1.75,2.25
2016-04-26,0.81,0.97,1.11,1.23,1.34,1.55,1.79,2.28
2016-04-27,0.81,0.97,1.09,1.21,1.32,1.53,1.76,2.25
2016-04-28,0.80,0.95,1.07,1.19,1.30,1.50,1.74,2.24
2016-04-29,0.78,0.92,1.05,1.17,1.28,1.48,1.72,2.23
2016-05-02,0.79,0.94,1.06,1.18,1.29,1.50,1.74,2.24
2016-05-03,0.77,0.89,1.01,1.12,1.22,1.43,1.68,2.19
2016-05-04,0.77,0.90,1.01,1.12,1.23,1.43,1.67,2.18
2016-05-05,0.76,0.88,0.99,1.10,1.20,1.40,1.64,2.15
2016-05-06,0.74,0.85,0.95,1.05,1.16,1.36,1.60,2.13
2016-05-09,0.74,0.85,0.95,1.05,1.15,1.35,1.60,2.12
2016-05-10,0.75,0.86,0.96,1.06,1.17,1.37,1.61,2.12
2016-05-11,0.75,0.87,0.97,1.07,1.16,1.36,1.60,2.11
2016-05-12,0.76,0.88,0.98,1.08,1.18,1.37,1.61,2.12
2016-05-13,0.77,0.90,1.01,1.11,1.20,1.38,1.60,2.10
2016-05-16,0.77,0.91,1.01,1.11,1.21,1.39,1.61,2.11
2016-05-17,0.79,0.92,1.03,1.12,1.21,1.39,1.61,2.10
2016-05-18,0.82,0.97,1.09,1.19,1.29,1.47,1.68,2.16
2016-05-19,0.86,1.02,1.14,1.24,1.33,1.50,1.70,2.15
2016-05-20,0.87,1.03,1.15,1.25,1.34,1.51,1.71,2.16
2016-05-23,0.88,1.04,1.16,1.26,1.35,1.51,1.71,2.16
2016-05-24,0.89,1.06,1.18,1.28,1.37,1.53,1.73,2.18
2016-05-25,0.88,1.05,1.18,1.28,1.37,1.52,1.72,2.16
2016-05-26,0.86,1.02,1.15,1.25,1.34,1.50,1.70,2.16
2016-05-27,0.86,1.02,1.14,1.24,1.33,1.49,1.70,2.16
2016-05-31,0.88,1.05,1.18,1.28,1.36,1.52,1.72,2.17
2016-06-01,0.88,1.04,1.16,1.26,1.34,1.50,1.69,2.13
2016-06-02,0.88,1.03,1.15,1.24,1.32,1.48,1.67,2.11
2016-06-03,0.81,0.94,1.04,1.13,1.21,1.38,1.59,2.06
2016-06-06,0.82,0.95,1.05,1.15,1.24,1.40,1.61,2.07
2016-06-07,0.80,0.92,1.02,1.11,1.20,1.37,1.58,2.05
2016-06-08,0.80,0.92,1.02,1.11,1.20,1.37,1.58,2.04
2016-06-09,0.79,0.90,1.00,1.09,1.17,1.34,1.54,1.99
2016-06-10,0.78,0.89,0.97,1.06,1.14,1.31,1.51,1.97
2016-06-13,0.77,0.87,0.96,1.04,1.12,1.29,1.50,1.97
2016-06-14,0.77,0.87,0.94,1.02,1.10,1.26,1.47,1.92
2016-06-15,0.78,0.87,0.95,1.02,1.10,1.27,1.47,1.93
2016-06-16,0.73,0.82,0.89,0.97,1.04,1.21,1.41,1.88
2016-06-17,0.75,0.85,0.94,1.02,1.11,1.28,1.49,1.94
2016-06-20,0.77,0.88,0.97,1.06,1.15,1.33,1.55,2.00
2016-06-21,0.77,0.88,0.98,1.07,1.16,1.34,1.56,2.01
2016-06-22,0.78,0.89,0.99,1.09,1.19,1.37,1.59,2.04
2016-06-23,0.78,0.91,1.01,1.11,1.20,1.38,1.60,2.06
2016-06-27,0.65,0.71,0.79,0.87,0.96,1.13,1.35,1.82
2016-06-28,0.67,0.74,0.81,0.89,0.98,1.14,1.34,1.80
2016-06-29,0.68,0.75,0.82,0.90,0.98,1.14,1.35,1.79
2016-06-30,0.69,0.75,0.83,0.91,1.00,1.16,1.37,1.82
2016-07-01,0.69,0.76,0.83,0.91,1.00,1.16,1.37,1.83
2016-07-05,0.69,0.74,0.79,0.86,0.94,1.10,1.29,1.73
2016-07-06,0.69,0.74,0.80,0.87,0.95,1.10,1.30,1.74
2016-07-07,0.71,0.77,0.83,0.90,0.97,1.12,1.31,1.74
2016-07-08,0.73,0.80,0.85,0.91,0.97,1.10,1.28,1.70
2016-07-11,0.74,0.82,0.88,0.93,1.00,1.13,1.31,1.72
2016-07-12,0.76,0.84,0.91,0.98,1.04,1.19,1.37,1.79
2016-07-13,0.76,0.83,0.89,0.95,1.02,1.15,1.33,1.74
2016-07-14,0.77,0.85,0.92,0.99,1.06,1.20,1.38,1.79
2016-07-15,0.81,0.91,0.99,1.06,1.13,1.28,1.45,1.85
2016-07-18,0.81,0.89,0.97,1.04,1.11,1.26,1.44,1.84
2016-07-19,0.81,0.90,0.97,1.03,1.10,1.25,1.43,1.83
2016-07-20,0.84,0.94,1.01,1.08,1.15,1.29,1.46,1.85
2016-07-21,0.86,0.96,1.03,1.10,1.17,1.32,1.50,1.90
2016-07-22,0.87,0.96,1.03,1.10,1.17,1.30,1.47,1.86
2016-07-25,0.89,0.98,1.06,1.12,1.18,1.31,1.48,1.84
2016-07-26,0.89,0.98,1.05,1.12,1.19,1.31,1.48,1.85
2016-07-27,0.88,0.96,1.03,1.09,1.15,1.28,1.44,1.82
2016-07-28,0.87,0.95,1.00,1.06,1.12,1.25,1.41,1.79
2016-07-29,0.83,0.89,0.95,1.01,1.07,1.20,1.37,1.77
2016-08-01,0.84,0.90,0.96,1.01,1.08,1.21,1.39,1.78
2016-08-02,0.86,0.92,0.98,1.04,1.11,1.25,1.43,1.83
2016-08-03,0.88,0.94,1.00,1.06,1.13,1.28,1.45,1.84
2016-08-04,0.87,0.91,0.96,1.01,1.07,1.21,1.38,1.77
2016-08-05,0.91,0.99,1.04,1.10,1.17,1.30,1.46,1.83
2016-08-08,0.93,1.00,1.06,1.12,1.18,1.31,1.47,1.83
2016-08-09,0.95,1.02,1.07,1.12,1.18,1.30,1.45,1.79
2016-08-10,0.91,0.97,1.02,1.08,1.14,1.26,1.42,1.78
2016-08-11,0.90,0.96,1.02,1.07,1.14,1.26,1.42,1.77
2016-08-12,0.89,0.94,0.99,1.04,1.09,1.21,1.37,1.71
2016-08-15,0.88,0.95,1.01,1.07,1.13,1.26,1.42,1.76
2016-08-16,0.90,0.98,1.04,1.10,1.17,1.29,1.44,1.78
2016-08-17,0.92,1.00,1.06,1.12,1.17,1.29,1.44,1.76
2016-08-18,0.90,0.97,1.03,1.09,1.15,1.27,1.43,1.75
2016-08-19,0.92,1.00,1.06,1.12,1.18,1.30,1.45,1.77
2016-08-22,0.93,1.00,1.05,1.11,1.16,1.27,1.41,1.72
2016-08-23,0.93,0.99,1.04,1.09,1.14,1.25,1.38,1.67
2016-08-24,0.92,0.99,1.05,1.10,1.15,1.27,1.41,1.69
2016-08-25,0.93,1.00,1.05,1.11,1.16,1.27,1.41,1.69
2016-08-29,0.96,1.05,1.11,1.17,1.22,1.32,1.44,1.69
2016-08-30,0.96,1.04,1.10,1.15,1.20,1.30,1.43,1.68
2016-08-31,0.96,1.04,1.09,1.15,1.19,1.30,1.43,1.70
2016-09-01,0.95,1.03,1.09,1.15,1.20,1.31,1.44,1.71
2016-09-02,0.96,1.05,1.11,1.18,1.23,1.35,1.48,1.75
2016-09-06,0.94,1.00,1.05,1.10,1.16,1.27,1.42,1.71
2016-09-07,0.93,0.98,1.03,1.08,1.13,1.25,1.39,1.70
2016-09-08,0.94,1.00,1.05,1.11,1.16,1.28,1.42,1.74
2016-09-09,0.97,1.05,1.11,1.17,1.23,1.36,1.51,1.85
2016-09-12,0.97,1.04,1.11,1.17,1.24,1.37,1.53,1.86
2016-09-13,0.95,1.02,1.08,1.14,1.21,1.35,1.51,1.85
2016-09-14,0.95,1.02,1.08,1.15,1.22,1.36,1.54,1.89
2016-09-15,0.94,1.00,1.06,1.13,1.20,1.35,1.53,1.90
2016-09-16,0.94,1.01,1.08,1.14,1.21,1.35,1.52,1.88
2016-09-19,0.95,1.03,1.09,1.16,1.23,1.36,1.53,1.89
2016-09-20,0.96,1.03,1.09,1.15,1.21,1.34,1.51,1.85
2016-09-21,0.98,1.06,1.13,1.19,1.26,1.39,1.55,1.90
2016-09-22,0.96,1.03,1.08,1.14,1.20,1.31,1.47,1.79
2016-09-23,0.96,1.03,1.08,1.14,1.19,1.31,1.47,1.80
2016-09-26,0.94,1.00,1.06,1.11,1.16,1.28,1.44,1.78
2016-09-27,0.94,1.00,1.05,1.10,1.15,1.26,1.41,1.74
2016-09-28,0.93,0.99,1.04,1.09,1.14,1.26,1.41,1.73
2016-09-29,0.94,1.01,1.06,1.12,1.17,1.29,1.44,1.76
2016-09-30,0.94,1.00,1.05,1.11,1.16,1.28,1.44,1.77
2016-10-03,0.96,1.03,1.09,1.15,1.20,1.32,1.47,1.79
2016-10-04,0.97,1.05,1.11,1.17,1.22,1.35,1.50,1.83
2016-10-05,0.99,1.08,1.14,1.21,1.28,1.41,1.57,1.91
2016-10-06,0.99,1.08,1.15,1.21,1.28,1.41,1.58,1.91
2016-10-07,1.00,1.09,1.16,1.23,1.29,1.42,1.58,1.92
2016-10-11,1.01,1.11,1.18,1.25,1.31,1.44,1.60,1.94
2016-10-12,1.01,1.10,1.18,1.25,1.33,1.46,1.63,1.97
2016-10-13,0.99,1.07,1.14,1.21,1.28,1.41,1.58,1.92
2016-10-14,0.98,1.06,1.13,1.21,1.28,1.42,1.60,1.96
2016-10-17,0.97,1.05,1.13,1.20,1.28,1.43,1.61,1.97
2016-10-18,0.96,1.04,1.11,1.19,1.26,1.41,1.59,1.95
2016-10-19,0.96,1.03,1.10,1.18,1.25,1.40,1.58,1.95
2016-10-20,0.98,1.05,1.12,1.19,1.26,1.40,1.58,1.93
2016-10-21,0.99,1.06,1.13,1.20,1.27,1.41,1.58,1.93
2016-10-24,0.99,1.08,1.15,1.22,1.30,1.43,1.61,1.96
2016-10-25,1.00,1.08,1.15,1.22,1.29,1.42,1.59,1.93
2016-10-26,1.01,1.10,1.18,1.25,1.33,1.47,1.64,1.98
2016-10-27,1.00,1.11,1.20,1.29,1.38,1.53,1.71,2.07
2016-10-28,1.00,1.10,1.19,1.28,1.36,1.52,1.71,2.07