Effective Date,Rate Type,30-Day Average SOFR,90-Day Average SOFR,180-Day Average SOFR,SOFR Index
02/29/2024,SOFRAI,5.31998,5.35761,5.38782,1.12486532
02/28/2024,SOFRAI,5.31998,5.35784,5.38781,1.12469943
02/27/2024,SOFRAI,5.32031,5.35784,5.38781,1.12453356
02/26/2024,SOFRAI,5.32062,5.35795,5.38775,1.12436772
02/23/2024,SOFRAI,5.32131,5.35831,5.3876,1.12387041
02/22/2024,SOFRAI,5.32165,5.35851,5.38759,1.12370497
02/21/2024,SOFRAI,5.32198,5.35863,5.38758,1.12353956
02/20/2024,SOFRAI,5.32232,5.35873,5.38758,1.12337418
02/16/2024,SOFRAI,5.32407,5.35945,5.38761,1.12271302
02/15/2024,SOFRAI,5.3244,5.35954,5.38755,1.12254745
02/14/2024,SOFRAI,5.32474,5.35977,5.38754,1.12238221
02/13/2024,SOFRAI,5.32471,5.35988,5.38748,1.12221668
02/12/2024,SOFRAI,5.32466,5.35999,5.38743,1.12205118
02/09/2024,SOFRAI,5.32466,5.36035,5.38727,1.12155489
02/08/2024,SOFRAI,5.32466,5.36044,5.38721,1.12138949
02/07/2024,SOFRAI,5.32466,5.36056,5.38714,1.1212241
02/06/2024,SOFRAI,5.32466,5.36067,5.38708,1.12105875
02/05/2024,SOFRAI,5.32463,5.36078,5.38703,1.12089342
02/02/2024,SOFRAI,5.32667,5.3608,5.3867,1.12039671
02/01/2024,SOFRAI,5.32935,5.36078,5.38658,1.12023116
01/31/2024,SOFRAI,5.33136,5.36089,5.38646,1.12006564
01/30/2024,SOFRAI,5.33367,5.36101,5.3864,1.11990046
01/29/2024,SOFRAI,5.33596,5.36146,5.38634,1.11973529
01/26/2024,SOFRAI,5.34299,5.36114,5.38613,1.1192391
01/25/2024,SOFRAI,5.344,5.36101,5.38601,1.11907372
01/24/2024,SOFRAI,5.34433,5.36101,5.38594,1.11890869
01/23/2024,SOFRAI,5.34464,5.36089,5.38594,1.11874367
01/22/2024,SOFRAI,5.34492,5.36078,5.38452,1.11857868
01/19/2024,SOFRAI,5.34526,5.36046,5.38014,1.11808393
01/18/2024,SOFRAI,5.34526,5.36033,5.37865,1.11791904
01/17/2024,SOFRAI,5.34526,5.36011,5.3771,1.11775386
01/16/2024,SOFRAI,5.34526,5.35988,5.37562,1.1175887
01/12/2024,SOFRAI,5.346,5.35993,5.36983,1.11692971
01/11/2024,SOFRAI,5.346,5.35991,5.36834,1.11676499
01/10/2024,SOFRAI,5.34634,5.35991,5.36685,1.11660029
01/09/2024,SOFRAI,5.34667,5.35991,5.36542,1.11643562
01/08/2024,SOFRAI,5.34698,5.35991,5.36394,1.11627097
01/05/2024,SOFRAI,5.34801,5.35991,5.35968,1.11577724
01/04/2024,SOFRAI,5.34835,5.35977,5.35819,1.11561237
01/03/2024,SOFRAI,5.34768,5.35898,5.3563,1.11544537
01/02/2024,SOFRAI,5.34734,5.35808,5.35436,1.11527807
12/29/2023,SOFRAI,5.34407,5.35531,5.34725,1.11461178
12/28/2023,SOFRAI,5.3414,5.35428,5.34548,1.11444462
12/27/2023,SOFRAI,5.33905,5.35338,5.34376,1.11427779
12/26/2023,SOFRAI,5.33805,5.35304,5.34211,1.11411222
12/22/2023,SOFRAI,5.33743,5.35241,5.33603,1.11345404
12/21/2023,SOFRAI,5.33743,5.35228,5.33455,1.11328983
12/20/2023,SOFRAI,5.33743,5.35217,5.33306,1.11312564
12/19/2023,SOFRAI,5.33777,5.35205,5.33157,1.11296148
12/18/2023,SOFRAI,5.33774,5.35194,5.33003,1.11279704
12/15/2023,SOFRAI,5.33777,5.35162,5.32542,1.11230391
12/14/2023,SOFRAI,5.3381,5.3516,5.32393,1.11213987
12/13/2023,SOFRAI,5.33844,5.35149,5.32244,1.11197586
12/12/2023,SOFRAI,5.33877,5.35138,5.32101,1.11181187
12/11/2023,SOFRAI,5.33874,5.35115,5.31947,1.11164759
12/08/2023,SOFRAI,5.33877,5.3505,5.31487,1.11115498
12/07/2023,SOFRAI,5.33877,5.35025,5.31332,1.1109908
12/06/2023,SOFRAI,5.33877,5.35014,5.31178,1.11082664
12/05/2023,SOFRAI,5.33844,5.3498,5.31018,1.1106622
12/04/2023,SOFRAI,5.33674,5.34913,5.30835,1.11049655
12/01/2023,SOFRAI,5.33007,5.34643,5.30272,1.10999798
11/30/2023,SOFRAI,5.33074,5.34618,5.30124,1.10983366
11/29/2023,SOFRAI,5.33074,5.34618,5.29986,1.10966999
11/28/2023,SOFRAI,5.3304,5.34595,5.29849,1.10950602
11/27/2023,SOFRAI,5.33004,5.34572,5.29712,1.10934209
11/24/2023,SOFRAI,5.32873,5.34507,5.29269,1.1088505
11/22/2023,SOFRAI,5.32809,5.34483,5.28982,1.10852348
11/21/2023,SOFRAI,5.32775,5.34472,5.28839,1.10836
11/20/2023,SOFRAI,5.32739,5.34461,5.28691,1.10819654
11/17/2023,SOFRAI,5.32541,5.34395,5.28231,1.10770546
11/16/2023,SOFRAI,5.32507,5.34371,5.28076,1.10754179
11/15/2023,SOFRAI,5.32474,5.34348,5.27921,1.10737814
11/14/2023,SOFRAI,5.32441,5.34326,5.27768,1.10721452
11/13/2023,SOFRAI,5.32404,5.34303,5.27614,1.10705092
11/10/2023,SOFRAI,5.32307,5.34237,5.27159,1.10656035
11/09/2023,SOFRAI,5.32273,5.34213,5.27005,1.10639685
11/08/2023,SOFRAI,5.3224,5.34191,5.2685,1.10623337
11/07/2023,SOFRAI,5.32204,5.34168,5.26696,1.10606992
11/06/2023,SOFRAI,5.32165,5.34146,5.26548,1.10590649
11/03/2023,SOFRAI,5.32131,5.3408,5.26104,1.10541642
11/02/2023,SOFRAI,5.32131,5.34044,5.2595,1.10525278
11/01/2023,SOFRAI,5.32131,5.34022,5.25801,1.10508948
10/31/2023,SOFRAI,5.31998,5.33966,5.25636,1.10492527
10/30/2023,SOFRAI,5.31995,5.33966,5.25351,1.10476232
10/27/2023,SOFRAI,5.32031,5.33945,5.24497,1.10427368
10/26/2023,SOFRAI,5.32031,5.33932,5.24211,1.10411082
10/25/2023,SOFRAI,5.32064,5.33943,5.23931,1.1039483
10/24/2023,SOFRAI,5.32064,5.33673,5.23652,1.10378579
10/23/2023,SOFRAI,5.32062,5.33403,5.23367,1.10362332
10/20/2023,SOFRAI,5.32064,5.3256,5.22513,1.1031361
10/19/2023,SOFRAI,5.32098,5.32277,5.22228,1.10297372
10/18/2023,SOFRAI,5.32131,5.32007,5.21942,1.10281136
10/17/2023,SOFRAI,5.32131,5.31714,5.21652,1.10264872
10/16/2023,SOFRAI,5.32129,5.31433,5.21361,1.1024861
10/13/2023,SOFRAI,5.32064,5.30568,5.2049,1.10199847
10/12/2023,SOFRAI,5.32031,5.30274,5.20199,1.10183594
10/11/2023,SOFRAI,5.31998,5.29992,5.19908,1.10167345
10/10/2023,SOFRAI,5.31964,5.297,5.19617,1.10151098
10/06/2023,SOFRAI,5.31872,5.28578,5.18469,1.10086147
10/05/2023,SOFRAI,5.31838,5.28284,5.18178,1.10069881
10/04/2023,SOFRAI,5.31805,5.27991,5.17886,1.10053617
10/03/2023,SOFRAI,5.31735,5.27688,5.17589,1.10037326
10/02/2023,SOFRAI,5.31696,5.27395,5.17298,1.10021067
09/29/2023,SOFRAI,5.31663,5.26619,5.16508,1.09972404
09/28/2023,SOFRAI,5.31629,5.2637,5.16256,1.09956186
09/27/2023,SOFRAI,5.31562,5.26077,5.15999,1.09939939
09/26/2023,SOFRAI,5.31529,5.25796,5.1572,1.09923725
09/25/2023,SOFRAI,5.31493,5.25503,5.15447,1.09907514
09/22/2023,SOFRAI,5.31495,5.24661,5.14622,1.09858993
09/21/2023,SOFRAI,5.31495,5.24378,5.14337,1.09842822
09/20/2023,SOFRAI,5.31495,5.24097,5.14051,1.09826653
09/19/2023,SOFRAI,5.31462,5.23804,5.1376,1.09810456
09/18/2023,SOFRAI,5.31426,5.23511,5.13327,1.09794261
09/15/2023,SOFRAI,5.31328,5.22634,5.1203,1.09745698
09/14/2023,SOFRAI,5.31328,5.2235,5.11602,1.09729544
09/13/2023,SOFRAI,5.31328,5.2208,5.11174,1.09713392
09/12/2023,SOFRAI,5.31328,5.21799,5.10758,1.09697242
09/11/2023,SOFRAI,5.31325,5.21517,5.10348,1.09681094
09/08/2023,SOFRAI,5.31328,5.20675,5.09068,1.09632673
09/07/2023,SOFRAI,5.31295,5.20381,5.08635,1.09616505
09/06/2023,SOFRAI,5.31295,5.20099,5.08207,1.09600369
09/05/2023,SOFRAI,5.31261,5.19807,5.07774,1.09584205
09/01/2023,SOFRAI,5.31135,5.18697,5.06045,1.09519589
08/31/2023,SOFRAI,5.31135,5.18426,5.05612,1.09503437
08/30/2023,SOFRAI,5.31169,5.18178,5.05184,1.09487318
08/29/2023,SOFRAI,5.31169,5.1793,5.04757,1.09471202
08/28/2023,SOFRAI,5.31166,5.1766,5.0433,1.09455087
08/25/2023,SOFRAI,5.30399,5.1685,5.0305,1.09406766
08/24/2023,SOFRAI,5.29595,5.16578,5.02622,1.09390661
08/23/2023,SOFRAI,5.28758,5.16308,5.02195,1.09374559
08/22/2023,SOFRAI,5.27921,5.16026,5.01768,1.09358459
08/21/2023,SOFRAI,5.27082,5.15745,5.01341,1.09342361
08/18/2023,SOFRAI,5.24608,5.14903,5.00061,1.0929409
08/17/2023,SOFRAI,5.23805,5.1462,4.99633,1.09278002
08/16/2023,SOFRAI,5.23001,5.14339,4.99205,1.09261916
08/15/2023,SOFRAI,5.22165,5.14057,4.98778,1.09245832
08/14/2023,SOFRAI,5.21325,5.13776,4.98351,1.09229751
08/11/2023,SOFRAI,5.18851,5.12945,4.97071,1.09181529
08/10/2023,SOFRAI,5.18048,5.12662,4.96644,1.09165458
08/09/2023,SOFRAI,5.17245,5.12381,4.96216,1.09149389
08/08/2023,SOFRAI,5.16441,5.12111,4.95789,1.09133322
08/07/2023,SOFRAI,5.15636,5.11841,4.95362,1.09117257
08/04/2023,SOFRAI,5.13229,5.11033,4.94083,1.09069085
08/03/2023,SOFRAI,5.12426,5.10761,4.93656,1.0905303
08/02/2023,SOFRAI,5.1162,5.10491,4.93228,1.09036977
08/01/2023,SOFRAI,5.10884,5.09929,4.92801,1.09020897
07/31/2023,SOFRAI,5.10145,5.09366,4.92232,1.09004819
07/28/2023,SOFRAI,5.07838,5.07714,4.90532,1.08956696
07/27/2023,SOFRAI,5.06968,5.0715,4.89957,1.08940627
07/26/2023,SOFRAI,5.06935,5.06869,4.89524,1.08925317
07/25/2023,SOFRAI,5.06901,5.06576,4.89091,1.08910009
07/24/2023,SOFRAI,5.06899,5.06295,4.8867,1.08894734
07/21/2023,SOFRAI,5.06901,5.05453,4.87391,1.08848927
07/20/2023,SOFRAI,5.06868,5.05159,4.86958,1.08833629
07/19/2023,SOFRAI,5.06868,5.04878,4.86531,1.08818365
07/18/2023,SOFRAI,5.06832,5.04585,4.86104,1.08803072
07/17/2023,SOFRAI,5.06794,5.04293,4.85672,1.08787781
07/14/2023,SOFRAI,5.06827,5.03451,4.84398,1.08742019
07/13/2023,SOFRAI,5.06794,5.03157,4.83965,1.08726737
07/12/2023,SOFRAI,5.06794,5.02876,4.83538,1.08711487
07/11/2023,SOFRAI,5.0676,5.02583,4.83105,1.08696209
07/10/2023,SOFRAI,5.06724,5.02291,4.82673,1.08680933
07/07/2023,SOFRAI,5.06626,5.01449,4.81394,1.08635125
07/06/2023,SOFRAI,5.06593,5.01166,4.80967,1.08619858
07/05/2023,SOFRAI,5.06593,5.00883,4.8054,1.08604593
07/03/2023,SOFRAI,5.0666,5.00343,4.79682,1.08574072
06/30/2023,SOFRAI,5.06528,4.99569,4.7834,1.08528038
06/29/2023,SOFRAI,5.06528,4.99354,4.77907,1.08512786
06/28/2023,SOFRAI,5.06528,4.99084,4.77474,1.08497536
06/27/2023,SOFRAI,5.0656,4.98836,4.77048,1.08482318
06/26/2023,SOFRAI,5.06588,4.986,4.76621,1.08467103
06/23/2023,SOFRAI,5.06655,4.97769,4.75342,1.08421475
06/22/2023,SOFRAI,5.06655,4.97487,4.74915,1.08406268
06/21/2023,SOFRAI,5.06655,4.97206,4.74488,1.08391064
06/20/2023,SOFRAI,5.06655,4.96643,4.74061,1.08375861
06/16/2023,SOFRAI,5.06662,4.94398,4.72369,1.08315084
06/15/2023,SOFRAI,5.06629,4.93823,4.71948,1.08299862
06/14/2023,SOFRAI,5.06662,4.93283,4.71533,1.08284672
06/13/2023,SOFRAI,5.06662,4.92755,4.71118,1.08269484
06/12/2023,SOFRAI,5.0666,4.92192,4.70407,1.08254299
06/09/2023,SOFRAI,5.06696,4.90507,4.68276,1.08208761
06/08/2023,SOFRAI,5.06729,4.89944,4.67565,1.08193584
06/07/2023,SOFRAI,5.06763,4.89381,4.66854,1.08178409
06/06/2023,SOFRAI,5.06796,4.88819,4.66144,1.08163236
06/05/2023,SOFRAI,5.06794,4.88246,4.65427,1.08148035
06/02/2023,SOFRAI,5.05859,4.86493,4.63275,1.08102362
06/01/2023,SOFRAI,5.04955,4.85896,4.62552,1.08087109
05/31/2023,SOFRAI,5.04052,4.853,4.6183,1.08071859
05/30/2023,SOFRAI,5.03215,4.84726,4.61126,1.08056671
05/26/2023,SOFRAI,4.99843,4.82437,4.58281,1.07995953
05/25/2023,SOFRAI,4.98972,4.81862,4.57565,1.07980776
05/24/2023,SOFRAI,4.98136,4.813,4.56854,1.07965631
05/23/2023,SOFRAI,4.97299,4.80738,4.56138,1.07950488
05/22/2023,SOFRAI,4.9646,4.80176,4.55422,1.07935347
05/19/2023,SOFRAI,4.93953,4.7849,4.53293,1.07889943
05/18/2023,SOFRAI,4.93116,4.77926,4.52583,1.07874811
05/17/2023,SOFRAI,4.9228,4.77363,4.51872,1.07859681
05/16/2023,SOFRAI,4.91443,4.76801,4.51162,1.07844552
05/15/2023,SOFRAI,4.90571,4.76228,4.50452,1.07829396
05/12/2023,SOFRAI,4.88064,4.74543,4.48306,1.07784037
05/11/2023,SOFRAI,4.87227,4.7398,4.47585,1.0776892
05/10/2023,SOFRAI,4.86391,4.73407,4.46858,1.07753774
05/09/2023,SOFRAI,4.85554,4.72834,4.4613,1.07738631
05/08/2023,SOFRAI,4.84715,4.7226,4.45403,1.0772349
05/05/2023,SOFRAI,4.82202,4.70542,4.43235,1.07678086
05/04/2023,SOFRAI,4.81432,4.69968,4.4252,1.07662953
05/03/2023,SOFRAI,4.81533,4.69687,4.41946,1.0764857
05/02/2023,SOFRAI,4.81734,4.69125,4.41372,1.07634189
05/01/2023,SOFRAI,4.81932,4.68563,4.40373,1.0761981
04/28/2023,SOFRAI,4.82235,4.66845,4.37377,1.07576689
04/27/2023,SOFRAI,4.82336,4.6627,4.36378,1.07562318
04/26/2023,SOFRAI,4.82369,4.65708,4.35384,1.07547978
04/25/2023,SOFRAI,4.82369,4.65158,4.34385,1.0753364
04/24/2023,SOFRAI,4.82367,4.64596,4.3338,1.07519304
04/21/2023,SOFRAI,4.81533,4.62911,4.30345,1.07476314
04/20/2023,SOFRAI,4.80696,4.62348,4.29335,1.07461985
04/19/2023,SOFRAI,4.79859,4.61798,4.28325,1.07447659
04/18/2023,SOFRAI,4.79023,4.61236,4.27321,1.07433335
04/17/2023,SOFRAI,4.78184,4.60685,4.26322,1.07419012
04/14/2023,SOFRAI,4.75845,4.59,4.23334,1.07376062
04/13/2023,SOFRAI,4.75008,4.58436,4.22335,1.07361747
04/12/2023,SOFRAI,4.74172,4.57874,4.21337,1.07347434
04/11/2023,SOFRAI,4.73335,4.57313,4.20338,1.07333123
04/10/2023,SOFRAI,4.72463,4.56751,4.19335,1.07318784
04/06/2023,SOFRAI,4.68992,4.54506,4.15344,1.07261458
04/05/2023,SOFRAI,4.68123,4.53944,4.14346,1.07247129
04/04/2023,SOFRAI,4.67186,4.53349,4.13336,1.07232742
04/03/2023,SOFRAI,4.66213,4.52753,4.12316,1.07218327
03/31/2023,SOFRAI,4.63004,4.50833,4.09148,1.07174832
03/30/2023,SOFRAI,4.62101,4.50247,4.08105,1.07160484
03/29/2023,SOFRAI,4.61164,4.49651,4.07056,1.07146109
03/28/2023,SOFRAI,4.60194,4.49045,4.0599,1.07131706
03/27/2023,SOFRAI,4.59322,4.48472,4.04953,1.07117394
03/24/2023,SOFRAI,4.56815,4.46787,4.01871,1.07074564
03/23/2023,SOFRAI,4.55979,4.46224,4.00846,1.07060289
03/22/2023,SOFRAI,4.55979,4.45943,3.99961,1.0704676
03/21/2023,SOFRAI,4.55977,4.45662,3.99078,1.07033232
03/20/2023,SOFRAI,4.55973,4.45381,3.97774,1.07019706
03/17/2023,SOFRAI,4.55973,4.44585,3.93895,1.06979143
03/16/2023,SOFRAI,4.55906,4.44303,3.92592,1.06965564
03/15/2023,SOFRAI,4.55806,4.44011,3.91284,1.06951957
03/14/2023,SOFRAI,4.55806,4.43168,3.89998,1.06938442
03/13/2023,SOFRAI,4.55804,4.42326,3.88707,1.06924927
03/10/2023,SOFRAI,4.55806,4.398,3.84852,1.068844
03/09/2023,SOFRAI,4.55806,4.38957,3.83566,1.06870893
03/08/2023,SOFRAI,4.55806,4.38114,3.82281,1.06857388
03/07/2023,SOFRAI,4.55806,4.37272,3.80996,1.06843884
03/06/2023,SOFRAI,4.55804,4.3643,3.79711,1.06830381
03/03/2023,SOFRAI,4.55037,4.33938,3.75874,1.0678989
03/02/2023,SOFRAI,4.54234,4.33106,3.74595,1.06776395
03/01/2023,SOFRAI,4.53397,4.32286,3.73316,1.06762901
02/28/2023,SOFRAI,4.52561,4.31466,3.72037,1.06749409
02/27/2023,SOFRAI,4.51723,4.30636,3.70759,1.06735919
02/24/2023,SOFRAI,4.49249,4.2811,3.66912,1.06695464
02/23/2023,SOFRAI,4.48413,4.27267,3.65628,1.0668198
02/22/2023,SOFRAI,4.47577,4.26414,3.64344,1.06668499
02/21/2023,SOFRAI,4.4674,4.2556,3.6306,1.06655019
02/17/2023,SOFRAI,4.43435,4.22195,3.57916,1.06601126
02/16/2023,SOFRAI,4.42632,4.21352,3.56632,1.06587654
02/15/2023,SOFRAI,4.41796,4.2051,3.55349,1.06574185
02/14/2023,SOFRAI,4.40958,4.1968,3.54065,1.06560716
02/13/2023,SOFRAI,4.40118,4.18838,3.52788,1.0654725
02/10/2023,SOFRAI,4.3761,4.16257,3.48951,1.06506866
02/09/2023,SOFRAI,4.36807,4.15392,3.47668,1.06493407
02/08/2023,SOFRAI,4.36004,4.14526,3.46385,1.06479949
02/07/2023,SOFRAI,4.35201,4.13662,3.45102,1.06466493
02/06/2023,SOFRAI,4.34397,4.12798,3.43819,1.06453038
02/03/2023,SOFRAI,4.31957,4.10251,3.39978,1.0641269
02/02/2023,SOFRAI,4.31121,4.09398,3.3869,1.06399213
02/01/2023,SOFRAI,4.31088,4.08825,3.37543,1.06386476
01/31/2023,SOFRAI,4.31053,4.07411,3.36402,1.06373741
01/30/2023,SOFRAI,4.31049,4.06008,3.35267,1.06361036
01/27/2023,SOFRAI,4.31049,4.01801,3.31851,1.06322937
01/26/2023,SOFRAI,4.31049,4.00398,3.30704,1.06310239
01/25/2023,SOFRAI,4.31016,3.98973,3.29552,1.06297513
01/24/2023,SOFRAI,4.31014,3.97548,3.28412,1.06284818
01/23/2023,SOFRAI,4.31011,3.96112,3.26848,1.06272124
01/20/2023,SOFRAI,4.31011,3.91794,3.22152,1.06234057
01/19/2023,SOFRAI,4.30977,3.90346,3.20577,1.0622134
01/18/2023,SOFRAI,4.30977,3.88921,3.19008,1.06208654
01/17/2023,SOFRAI,4.31011,3.87497,3.17439,1.0619594
01/13/2023,SOFRAI,4.29544,3.81858,3.11206,1.06145226
01/12/2023,SOFRAI,4.27871,3.80444,3.09649,1.06132549
01/11/2023,SOFRAI,4.26199,3.79031,3.08092,1.06119874
01/10/2023,SOFRAI,4.24493,3.77606,3.06524,1.0610717
01/09/2023,SOFRAI,4.22786,3.76193,3.04956,1.06094468
01/06/2023,SOFRAI,4.17671,3.71955,3.00259,1.06056377
01/05/2023,SOFRAI,4.15966,3.70542,2.98692,1.06043681
01/04/2023,SOFRAI,4.14327,3.6914,2.9713,1.06031016
01/03/2023,SOFRAI,4.12655,3.67716,2.95568,1.06018323
12/30/2022,SOFRAI,4.06173,3.61889,2.89325,1.05967694
12/29/2022,SOFRAI,4.04534,3.60409,2.87758,1.05955038
12/28/2022,SOFRAI,4.02862,3.58907,2.86192,1.05942384
12/27/2022,SOFRAI,4.0119,3.57427,2.84614,1.05929732
12/23/2022,SOFRAI,3.9444,3.51546,2.78301,1.05879145
12/22/2022,SOFRAI,3.92768,3.50077,2.76701,1.058665
12/21/2022,SOFRAI,3.91096,3.48609,2.75102,1.05853856
12/20/2022,SOFRAI,3.89424,3.46312,2.73491,1.05841214
12/19/2022,SOFRAI,3.87751,3.44026,2.71887,1.05828573
12/16/2022,SOFRAI,3.82571,3.37137,2.6704,1.05790489
12/15/2022,SOFRAI,3.80832,3.3484,2.65424,1.05777795
12/14/2022,SOFRAI,3.80799,3.33137,2.64102,1.05766631
12/13/2022,SOFRAI,3.80732,3.31423,2.62779,1.05755468
12/12/2022,SOFRAI,3.80664,3.2972,2.61034,1.05744306
12/09/2022,SOFRAI,3.8046,3.24614,2.55841,1.05710831
12/08/2022,SOFRAI,3.80394,3.22911,2.54125,1.05699674
12/07/2022,SOFRAI,3.80327,3.21208,2.5241,1.05688518
12/06/2022,SOFRAI,3.80327,3.19506,2.50694,1.05677363
12/05/2022,SOFRAI,3.80292,3.17804,2.48978,1.0566618
12/02/2022,SOFRAI,3.77685,3.12699,2.43862,1.05632642
12/01/2022,SOFRAI,3.75111,3.10985,2.42152,1.05621434
11/30/2022,SOFRAI,3.72536,3.09272,2.40443,1.05610228
11/29/2022,SOFRAI,3.69996,3.0757,2.38745,1.05599052
11/28/2022,SOFRAI,3.67487,3.0588,2.37059,1.05587906
11/25/2022,SOFRAI,3.59867,3.00776,2.31973,1.05554481
11/23/2022,SOFRAI,3.54687,2.97396,2.28591,1.0553226
11/22/2022,SOFRAI,3.5208,2.95684,2.26894,1.05521122
11/21/2022,SOFRAI,3.49471,2.93971,2.25197,1.05509985
11/18/2022,SOFRAI,3.41752,2.88869,2.20109,1.05476584
11/17/2022,SOFRAI,3.39212,2.87168,2.18413,1.05465451
11/16/2022,SOFRAI,3.36672,2.85456,2.16711,1.05454291
11/15/2022,SOFRAI,3.34132,2.83766,2.15021,1.05443161
11/14/2022,SOFRAI,3.31624,2.82088,2.13337,1.05432061
11/10/2022,SOFRAI,3.21771,2.75389,2.06635,1.05387798
11/09/2022,SOFRAI,3.19332,2.73711,2.04957,1.05376734
11/08/2022,SOFRAI,3.16891,2.72033,2.03279,1.0536567
11/07/2022,SOFRAI,3.1445,2.70366,2.01596,1.05354608
11/04/2022,SOFRAI,3.06899,2.65267,1.96513,1.05321256
11/03/2022,SOFRAI,3.0436,2.63567,1.94819,1.0531014
11/02/2022,SOFRAI,3.04193,2.62717,1.93546,1.05301219
11/01/2022,SOFRAI,3.03959,2.61867,1.92278,1.05292298
10/31/2022,SOFRAI,3.03724,2.61029,1.90736,1.05283378
10/28/2022,SOFRAI,3.02956,2.58424,1.86099,1.05256626
10/27/2022,SOFRAI,3.02756,2.57563,1.84552,1.05247738
10/26/2022,SOFRAI,3.02622,2.56724,1.8301,1.0523888
10/25/2022,SOFRAI,3.02522,2.55058,1.81474,1.05230053
10/24/2022,SOFRAI,3.02454,2.53403,1.79944,1.05221255
10/21/2022,SOFRAI,2.99682,2.48384,1.7532,1.05194781
10/20/2022,SOFRAI,2.97109,2.46696,1.73773,1.05185928
10/19/2022,SOFRAI,2.94536,2.45008,1.72221,1.05177046
10/18/2022,SOFRAI,2.91963,2.4332,1.70664,1.05168165
10/17/2022,SOFRAI,2.89357,2.41632,1.69106,1.05159256
10/14/2022,SOFRAI,2.81674,2.36603,1.6448,1.05132623
10/13/2022,SOFRAI,2.79135,2.34927,1.62939,1.05123745
10/12/2022,SOFRAI,2.76596,2.33239,1.61399,1.05114869
10/11/2022,SOFRAI,2.74024,2.31541,1.59854,1.05105964
10/07/2022,SOFRAI,2.63738,2.2476,1.53685,1.05070357
10/06/2022,SOFRAI,2.612,2.23061,1.52145,1.05061456
10/05/2022,SOFRAI,2.58695,2.21386,1.50612,1.05052585
10/04/2022,SOFRAI,2.56189,2.1971,1.49078,1.05043715
10/03/2022,SOFRAI,2.53816,2.18079,1.47567,1.05034962
09/30/2022,SOFRAI,2.46903,2.13187,1.43069,1.05008884
09/29/2022,SOFRAI,2.44666,2.11578,1.4158,1.05000251
09/28/2022,SOFRAI,2.42328,2.09925,1.40081,1.0499156
09/27/2022,SOFRAI,2.3999,2.08283,1.38576,1.0498287
09/26/2022,SOFRAI,2.37618,2.06642,1.37055,1.04974151
09/23/2022,SOFRAI,2.30473,2.01562,1.32508,1.04948002
09/22/2022,SOFRAI,2.28069,1.99853,1.30993,1.04939286
09/21/2022,SOFRAI,2.28169,1.98949,1.29891,1.04932728
09/20/2022,SOFRAI,2.28236,1.98044,1.28779,1.04926141
09/19/2022,SOFRAI,2.28269,1.97129,1.27661,1.04919525
09/16/2022,SOFRAI,2.28403,1.94382,1.2434,1.04899681
09/15/2022,SOFRAI,2.28436,1.93455,1.23233,1.04893038
09/14/2022,SOFRAI,2.28503,1.9254,1.22132,1.04886424
09/13/2022,SOFRAI,2.28503,1.90776,1.21026,1.04879782
09/12/2022,SOFRAI,2.28502,1.89001,1.19779,1.0487314
09/09/2022,SOFRAI,2.28503,1.83856,1.16041,1.04853218
09/08/2022,SOFRAI,2.28536,1.82148,1.14795,1.04846578
09/07/2022,SOFRAI,2.28536,1.8044,1.13549,1.04839938
09/06/2022,SOFRAI,2.28503,1.78733,1.12298,1.04833269
09/02/2022,SOFRAI,2.28437,1.71982,1.07293,1.04806602
09/01/2022,SOFRAI,2.28471,1.70297,1.06042,1.04799935
08/31/2022,SOFRAI,2.28437,1.68624,1.04791,1.04793269
08/30/2022,SOFRAI,2.28371,1.66961,1.0354,1.04786604
08/29/2022,SOFRAI,2.28337,1.65299,1.02295,1.04779968
08/26/2022,SOFRAI,2.25799,1.60279,0.9856,1.04760063
08/25/2022,SOFRAI,2.23295,1.58606,0.97315,1.04753429
08/24/2022,SOFRAI,2.20824,1.56944,0.96076,1.04746824
08/23/2022,SOFRAI,2.18319,1.55282,0.94837,1.0474022
08/22/2022,SOFRAI,2.15781,1.53609,0.93592,1.04733586
08/19/2022,SOFRAI,2.08236,1.48591,0.89859,1.04713691
08/18/2022,SOFRAI,2.05765,1.46918,0.88614,1.04707059
08/17/2022,SOFRAI,2.03261,1.45245,0.87364,1.04700399
08/16/2022,SOFRAI,2.00757,1.43573,0.86115,1.0469374
08/15/2022,SOFRAI,1.98253,1.41911,0.84865,1.0468708
08/12/2022,SOFRAI,1.90775,1.36939,0.81133,1.04667194
08/11/2022,SOFRAI,1.88305,1.35278,0.79889,1.04660565
08/10/2022,SOFRAI,1.85801,1.33617,0.78646,1.04653937
08/09/2022,SOFRAI,1.83264,1.31934,0.77396,1.0464728
08/08/2022,SOFRAI,1.8076,1.30262,0.76147,1.04640653
08/05/2022,SOFRAI,1.73317,1.25246,0.72417,1.04620775
08/04/2022,SOFRAI,1.70814,1.23563,0.71168,1.0461412
08/03/2022,SOFRAI,1.68244,1.21892,0.69919,1.04607466
08/02/2022,SOFRAI,1.6564,1.19663,0.68665,1.04600783
08/01/2022,SOFRAI,1.63103,1.17456,0.67422,1.04594159
07/29/2022,SOFRAI,1.55494,1.10827,0.6371,1.04574377
07/28/2022,SOFRAI,1.52958,1.08599,0.62468,1.04567754
07/27/2022,SOFRAI,1.52857,1.07206,0.61643,1.04563311
07/26/2022,SOFRAI,1.52624,1.05814,0.60813,1.04558867
07/25/2022,SOFRAI,1.5239,1.0441,0.59982,1.04554423
07/22/2022,SOFRAI,1.51689,1.00233,0.5752,1.04541181
07/21/2022,SOFRAI,1.51422,0.9883,0.56695,1.04536739
07/20/2022,SOFRAI,1.51155,0.97415,0.55871,1.04532296
07/19/2022,SOFRAI,1.50855,0.96,0.55035,1.04527824
07/18/2022,SOFRAI,1.50554,0.94597,0.54205,1.04523353
07/15/2022,SOFRAI,1.4715,0.90421,0.51715,1.04509941
07/14/2022,SOFRAI,1.44347,0.8904,0.50891,1.045055
07/13/2022,SOFRAI,1.41677,0.8766,0.50067,1.04501058
07/12/2022,SOFRAI,1.39041,0.86268,0.49237,1.04496588
07/11/2022,SOFRAI,1.36438,0.84887,0.48413,1.04492147
07/08/2022,SOFRAI,1.28663,0.80779,0.4594,1.04478826
07/07/2022,SOFRAI,1.26094,0.79398,0.45111,1.04474357
07/06/2022,SOFRAI,1.23558,0.78018,0.44281,1.04469888
07/05/2022,SOFRAI,1.21022,0.76637,0.43451,1.04465419
07/01/2022,SOFRAI,1.11248,0.71206,0.40178,1.04447779
06/30/2022,SOFRAI,1.08879,0.6987,0.39371,1.04443427
06/29/2022,SOFRAI,1.06443,0.68512,0.38558,1.04439047
06/28/2022,SOFRAI,1.03975,0.67121,0.3774,1.04434637
06/27/2022,SOFRAI,1.01572,0.65763,0.36933,1.04430286
06/24/2022,SOFRAI,0.94768,0.61824,0.34579,1.04417582
06/23/2022,SOFRAI,0.92566,0.60533,0.33806,1.04413405
06/22/2022,SOFRAI,0.90331,0.5922,0.33026,1.044092
06/21/2022,SOFRAI,0.88096,0.57907,0.32247,1.04404995
06/17/2022,SOFRAI,0.79224,0.52756,0.29126,1.04388177
06/16/2022,SOFRAI,0.77056,0.51477,0.28347,1.04383972
06/15/2022,SOFRAI,0.7739,0.51032,0.27986,1.04381943
06/14/2022,SOFRAI,0.77723,0.5032,0.2763,1.04379942
06/13/2022,SOFRAI,0.77924,0.49563,0.27251,1.04377825
06/10/2022,SOFRAI,0.7829,0.47227,0.26083,1.04371302
06/09/2022,SOFRAI,0.78391,0.46448,0.25694,1.04369128
06/08/2022,SOFRAI,0.78457,0.45659,0.25299,1.04366925
06/07/2022,SOFRAI,0.78491,0.44858,0.24898,1.04364692
06/06/2022,SOFRAI,0.78491,0.44046,0.24492,1.04362431
06/03/2022,SOFRAI,0.76923,0.4161,0.23274,1.04355648
06/02/2022,SOFRAI,0.75289,0.40787,0.22863,1.04353358
06/01/2022,SOFRAI,0.73621,0.39953,0.22446,1.04351039
05/31/2022,SOFRAI,0.7192,0.3913,0.22034,1.04348749
05/27/2022,SOFRAI,0.6525,0.35882,0.2041,1.04339706
05/26/2022,SOFRAI,0.63549,0.3507,0.20004,1.04337446
05/25/2022,SOFRAI,0.61848,0.34259,0.19598,1.04335185
05/24/2022,SOFRAI,0.60147,0.33447,0.19192,1.04332925
05/23/2022,SOFRAI,0.58446,0.32635,0.18786,1.04330664
05/20/2022,SOFRAI,0.53311,0.302,0.17569,1.04323883
05/19/2022,SOFRAI,0.5161,0.29377,0.17157,1.04321594
05/18/2022,SOFRAI,0.49943,0.28554,0.16746,1.04319305
05/17/2022,SOFRAI,0.48242,0.2772,0.16329,1.04316986
05/16/2022,SOFRAI,0.46542,0.26886,0.15912,1.04314668
05/13/2022,SOFRAI,0.4154,0.24418,0.14677,1.04307801
05/12/2022,SOFRAI,0.39873,0.23596,0.14266,1.04305513
05/11/2022,SOFRAI,0.38272,0.22784,0.1386,1.04303253
05/10/2022,SOFRAI,0.36672,0.21961,0.13454,1.04300993
05/09/2022,SOFRAI,0.35071,0.2115,0.13049,1.04298733
05/06/2022,SOFRAI,0.3027,0.18715,0.11831,1.04291954
05/05/2022,SOFRAI,0.28637,0.17893,0.1142,1.04289665
05/04/2022,SOFRAI,0.28637,0.17615,0.11281,1.04288796
05/03/2022,SOFRAI,0.28637,0.17337,0.11142,1.04287927
05/02/2022,SOFRAI,0.28637,0.17059,0.11003,1.04287058
04/29/2022,SOFRAI,0.28703,0.16292,0.10619,1.04284625
04/28/2022,SOFRAI,0.28703,0.16036,0.10492,1.04283814
04/27/2022,SOFRAI,0.28703,0.1577,0.10364,1.04283003
04/26/2022,SOFRAI,0.28737,0.15514,0.10241,1.04282221
04/25/2022,SOFRAI,0.2877,0.15269,0.10119,1.04281438
04/22/2022,SOFRAI,0.28803,0.14525,0.09747,1.04279092
04/21/2022,SOFRAI,0.2887,0.14291,0.0963,1.04278339
04/20/2022,SOFRAI,0.28937,0.14036,0.09508,1.04277557
04/19/2022,SOFRAI,0.29003,0.1378,0.09369,1.04276746
04/18/2022,SOFRAI,0.29037,0.13513,0.09224,1.04275906
04/14/2022,SOFRAI,0.27503,0.12446,0.0868,1.04272546
04/13/2022,SOFRAI,0.26703,0.1218,0.08546,1.04271706
04/12/2022,SOFRAI,0.25903,0.11913,0.08413,1.04270866
04/11/2022,SOFRAI,0.25069,0.11635,0.08274,1.04269997
04/08/2022,SOFRAI,0.22569,0.10801,0.07857,1.04267391
04/07/2022,SOFRAI,0.21735,0.10524,0.07718,1.04266522
04/06/2022,SOFRAI,0.20902,0.10246,0.07579,1.04265653
04/05/2022,SOFRAI,0.20068,0.09968,0.0744,1.04264784
04/04/2022,SOFRAI,0.19235,0.0969,0.07301,1.04263915
04/01/2022,SOFRAI,0.16734,0.08856,0.06884,1.04261309
03/31/2022,SOFRAI,0.15934,0.0859,0.06751,1.04260469
03/30/2022,SOFRAI,0.15201,0.08345,0.06629,1.04259687
03/29/2022,SOFRAI,0.14434,0.0809,0.06501,1.04258876
03/28/2022,SOFRAI,0.13667,0.07834,0.06373,1.04258065
03/25/2022,SOFRAI,0.11367,0.07067,0.0599,1.04255632
03/24/2022,SOFRAI,0.10634,0.06823,0.05868,1.0425485
03/23/2022,SOFRAI,0.099,0.06578,0.05745,1.04254068
03/22/2022,SOFRAI,0.09134,0.06323,0.05617,1.04253258
03/21/2022,SOFRAI,0.08334,0.06056,0.05484,1.04252418
03/18/2022,SOFRAI,0.05833,0.05211,0.05067,1.04249812
03/17/2022,SOFRAI,0.05,0.04934,0.04928,1.04248943
03/16/2022,SOFRAI,0.05,0.04934,0.04928,1.04248798
03/15/2022,SOFRAI,0.05,0.04934,0.04928,1.04248653
03/14/2022,SOFRAI,0.05,0.04934,0.04928,1.04248508
03/11/2022,SOFRAI,0.04967,0.04934,0.04928,1.04248074
03/10/2022,SOFRAI,0.04967,0.04934,0.04928,1.04247929
03/09/2022,SOFRAI,0.04967,0.04934,0.04928,1.04247784
03/08/2022,SOFRAI,0.04967,0.04934,0.04928,1.0424764
03/07/2022,SOFRAI,0.04967,0.04934,0.04928,1.04247495
03/04/2022,SOFRAI,0.04967,0.04934,0.04928,1.04247061
03/03/2022,SOFRAI,0.04967,0.04934,0.04928,1.04246916
03/02/2022,SOFRAI,0.04967,0.04934,0.04928,1.04246771
03/01/2022,SOFRAI,0.04967,0.04934,0.04928,1.04246626
02/28/2022,SOFRAI,0.04967,0.04934,0.04928,1.04246481
02/25/2022,SOFRAI,0.049,0.04934,0.04928,1.04246047
02/24/2022,SOFRAI,0.049,0.04934,0.04928,1.04245902
02/23/2022,SOFRAI,0.04867,0.04934,0.04928,1.04245757
02/22/2022,SOFRAI,0.04867,0.04934,0.04928,1.04245613
02/18/2022,SOFRAI,0.04833,0.04934,0.04928,1.04245034
02/17/2022,SOFRAI,0.04833,0.04934,0.04928,1.04244889
02/16/2022,SOFRAI,0.04833,0.04934,0.04928,1.04244744
02/15/2022,SOFRAI,0.04833,0.04934,0.04928,1.04244599
02/14/2022,SOFRAI,0.04833,0.04934,0.04928,1.04244454
02/11/2022,SOFRAI,0.04833,0.04934,0.04928,1.0424402
02/10/2022,SOFRAI,0.04833,0.04934,0.04928,1.04243875
02/09/2022,SOFRAI,0.04867,0.04945,0.04934,1.04243759
02/08/2022,SOFRAI,0.04867,0.04945,0.04934,1.04243615
02/07/2022,SOFRAI,0.04867,0.04945,0.04934,1.0424347
02/04/2022,SOFRAI,0.04867,0.04945,0.04934,1.04243036
02/03/2022,SOFRAI,0.04867,0.04945,0.04934,1.04242891
02/02/2022,SOFRAI,0.04867,0.04945,0.04934,1.04242746
02/01/2022,SOFRAI,0.04867,0.04945,0.04934,1.04242601
01/31/2022,SOFRAI,0.04867,0.04945,0.04934,1.04242456
01/28/2022,SOFRAI,0.04867,0.04945,0.04934,1.04242022
01/27/2022,SOFRAI,0.049,0.04956,0.04939,1.04241906
01/26/2022,SOFRAI,0.04933,0.04967,0.04945,1.0424179
01/25/2022,SOFRAI,0.04933,0.04967,0.04945,1.04241646
01/24/2022,SOFRAI,0.04967,0.04978,0.04951,1.0424153
01/21/2022,SOFRAI,0.04967,0.04967,0.04951,1.04241095
01/20/2022,SOFRAI,0.05,0.04978,0.04956,1.0424098
01/19/2022,SOFRAI,0.04967,0.04956,0.04956,1.04240835
01/18/2022,SOFRAI,0.04967,0.04934,0.04956,1.0424069
01/14/2022,SOFRAI,0.04967,0.04911,0.04956,1.04240111
01/13/2022,SOFRAI,0.04967,0.04911,0.04956,1.04239966
01/12/2022,SOFRAI,0.04967,0.04911,0.04956,1.04239821
01/11/2022,SOFRAI,0.04967,0.04911,0.04956,1.04239677
01/10/2022,SOFRAI,0.04967,0.04911,0.04956,1.04239532
01/07/2022,SOFRAI,0.04967,0.04911,0.04956,1.04239098
01/06/2022,SOFRAI,0.04967,0.04911,0.04956,1.04238953
01/05/2022,SOFRAI,0.04967,0.04911,0.04956,1.04238808
01/04/2022,SOFRAI,0.04967,0.04911,0.04956,1.04238663
01/03/2022,SOFRAI,0.04967,0.04911,0.04956,1.04238518
12/31/2021,SOFRAI,0.04967,0.04911,0.04956,1.04238084
12/30/2021,SOFRAI,0.04967,0.04911,0.04956,1.04237939
12/29/2021,SOFRAI,0.04967,0.04911,0.04956,1.04237795
12/28/2021,SOFRAI,0.04967,0.04911,0.04956,1.0423765
12/27/2021,SOFRAI,0.04967,0.04911,0.04956,1.04237505
12/23/2021,SOFRAI,0.04967,0.04911,0.04956,1.04236926
12/22/2021,SOFRAI,0.04967,0.04911,0.04956,1.04236781
12/21/2021,SOFRAI,0.04967,0.04911,0.04956,1.04236636
12/20/2021,SOFRAI,0.05,0.04923,0.04962,1.04236521
12/17/2021,SOFRAI,0.05,0.04923,0.04962,1.04236086
12/16/2021,SOFRAI,0.05,0.04923,0.04962,1.04235941
12/15/2021,SOFRAI,0.05,0.04923,0.04962,1.04235797
12/14/2021,SOFRAI,0.05,0.04923,0.04962,1.04235652
12/13/2021,SOFRAI,0.05,0.04923,0.04939,1.04235507
12/10/2021,SOFRAI,0.05,0.04923,0.04873,1.04235073
12/09/2021,SOFRAI,0.05,0.04923,0.04851,1.04234928
12/08/2021,SOFRAI,0.05,0.04923,0.04828,1.04234783
12/07/2021,SOFRAI,0.05,0.04923,0.04806,1.04234639
12/06/2021,SOFRAI,0.05,0.04923,0.04784,1.04234494
12/03/2021,SOFRAI,0.05,0.04923,0.04717,1.04234059
12/02/2021,SOFRAI,0.05,0.04923,0.04695,1.04233915
12/01/2021,SOFRAI,0.05,0.04923,0.04673,1.0423377
11/30/2021,SOFRAI,0.05,0.04923,0.04651,1.04233625
11/29/2021,SOFRAI,0.05,0.04923,0.04628,1.0423348
11/26/2021,SOFRAI,0.05,0.04923,0.04562,1.04233046
11/24/2021,SOFRAI,0.04967,0.04923,0.04517,1.04232757
11/23/2021,SOFRAI,0.04967,0.04923,0.04495,1.04232612
11/22/2021,SOFRAI,0.04967,0.04923,0.04473,1.04232467
11/19/2021,SOFRAI,0.04833,0.04923,0.04406,1.04232033
11/18/2021,SOFRAI,0.04767,0.04923,0.04384,1.04231888
11/17/2021,SOFRAI,0.04767,0.04923,0.04362,1.04231743
11/16/2021,SOFRAI,0.04767,0.04923,0.04339,1.04231598
11/15/2021,SOFRAI,0.04767,0.04923,0.04317,1.04231454
11/12/2021,SOFRAI,0.04767,0.04923,0.0425,1.04231019
11/10/2021,SOFRAI,0.04767,0.04923,0.04206,1.0423073
11/09/2021,SOFRAI,0.04767,0.04923,0.04184,1.04230585
11/08/2021,SOFRAI,0.04767,0.04923,0.04162,1.0423044
11/05/2021,SOFRAI,0.04767,0.04923,0.04095,1.04230006
11/04/2021,SOFRAI,0.04767,0.04923,0.04073,1.04229861
11/03/2021,SOFRAI,0.04767,0.04923,0.0405,1.04229716
11/02/2021,SOFRAI,0.04767,0.04923,0.04028,1.04229572
11/01/2021,SOFRAI,0.04767,0.04923,0.04006,1.04229427
10/29/2021,SOFRAI,0.04767,0.04923,0.03939,1.04228993
10/28/2021,SOFRAI,0.04767,0.04923,0.03917,1.04228848
10/27/2021,SOFRAI,0.04767,0.04923,0.03895,1.04228703
10/26/2021,SOFRAI,0.04767,0.04923,0.03873,1.04228558
10/25/2021,SOFRAI,0.048,0.04934,0.03856,1.04228443
10/22/2021,SOFRAI,0.048,0.04934,0.03789,1.04228008
10/21/2021,SOFRAI,0.04867,0.04956,0.03778,1.04227921
10/20/2021,SOFRAI,0.04933,0.04978,0.03767,1.04227835
10/19/2021,SOFRAI,0.05,0.05,0.03756,1.04227748
10/18/2021,SOFRAI,0.05,0.05,0.03734,1.04227603
10/15/2021,SOFRAI,0.05,0.05,0.03667,1.04227169
10/14/2021,SOFRAI,0.05,0.05,0.03645,1.04227024
10/13/2021,SOFRAI,0.05,0.05,0.03623,1.04226879
10/12/2021,SOFRAI,0.05,0.05,0.036,1.04226734
10/08/2021,SOFRAI,0.05,0.05,0.03511,1.04226155
10/07/2021,SOFRAI,0.05,0.05,0.03489,1.04226011
10/06/2021,SOFRAI,0.05,0.05,0.03467,1.04225866
10/05/2021,SOFRAI,0.05,0.05,0.03445,1.04225721
10/04/2021,SOFRAI,0.05,0.05,0.03423,1.04225576
10/01/2021,SOFRAI,0.05,0.05,0.03356,1.04225142
09/30/2021,SOFRAI,0.05,0.05,0.03334,1.04224997
09/29/2021,SOFRAI,0.05,0.05,0.03311,1.04224853
09/28/2021,SOFRAI,0.05,0.05,0.03289,1.04224708
09/27/2021,SOFRAI,0.05,0.05,0.03267,1.04224563
09/24/2021,SOFRAI,0.05,0.05,0.032,1.04224129
09/23/2021,SOFRAI,0.05,0.05,0.03178,1.04223984
09/22/2021,SOFRAI,0.05,0.05,0.03156,1.04223839
09/21/2021,SOFRAI,0.05,0.05,0.03134,1.04223694
09/20/2021,SOFRAI,0.05,0.05,0.03111,1.0422355
09/17/2021,SOFRAI,0.05,0.05,0.03045,1.04223115
09/16/2021,SOFRAI,0.05,0.05,0.03022,1.04222971
09/15/2021,SOFRAI,0.05,0.05,0.03,1.04222826
09/14/2021,SOFRAI,0.05,0.04956,0.02978,1.04222681
09/13/2021,SOFRAI,0.05,0.04911,0.02956,1.04222536
09/10/2021,SOFRAI,0.05,0.04778,0.02889,1.04222102
09/09/2021,SOFRAI,0.05,0.04734,0.02867,1.04221957
09/08/2021,SOFRAI,0.05,0.04689,0.02845,1.04221813
09/07/2021,SOFRAI,0.05,0.04645,0.02822,1.04221668
09/03/2021,SOFRAI,0.05,0.04467,0.02756,1.04221089
09/02/2021,SOFRAI,0.05,0.04422,0.02739,1.04220944
09/01/2021,SOFRAI,0.05,0.04378,0.02722,1.04220799
08/31/2021,SOFRAI,0.05,0.04334,0.02706,1.04220655
08/30/2021,SOFRAI,0.05,0.04289,0.027,1.0422051
08/27/2021,SOFRAI,0.05,0.04156,0.02656,1.04220076
08/26/2021,SOFRAI,0.05,0.04111,0.02634,1.04219931
08/25/2021,SOFRAI,0.05,0.04067,0.02611,1.04219786
08/24/2021,SOFRAI,0.05,0.04022,0.026,1.04219641
08/23/2021,SOFRAI,0.05,0.03978,0.02583,1.04219497
08/20/2021,SOFRAI,0.05,0.03845,0.02533,1.04219062
08/19/2021,SOFRAI,0.05,0.038,0.02517,1.04218918
08/18/2021,SOFRAI,0.05,0.03756,0.025,1.04218773
08/17/2021,SOFRAI,0.05,0.03711,0.02489,1.04218628
08/16/2021,SOFRAI,0.05,0.03667,0.02495,1.04218483
08/13/2021,SOFRAI,0.05,0.03533,0.025,1.04218049
08/12/2021,SOFRAI,0.05,0.03489,0.025,1.04217904
08/11/2021,SOFRAI,0.05,0.03445,0.025,1.0421776
08/10/2021,SOFRAI,0.05,0.034,0.02506,1.04217615
08/09/2021,SOFRAI,0.05,0.03356,0.02511,1.0421747
08/06/2021,SOFRAI,0.05,0.03222,0.02478,1.04217036
08/05/2021,SOFRAI,0.05,0.03178,0.02461,1.04216891
08/04/2021,SOFRAI,0.05,0.03133,0.02445,1.04216746
08/03/2021,SOFRAI,0.05,0.03089,0.02445,1.04216602
08/02/2021,SOFRAI,0.05,0.03045,0.02456,1.04216457
07/30/2021,SOFRAI,0.05,0.02911,0.02483,1.04216023
07/29/2021,SOFRAI,0.05,0.02867,0.02489,1.04215878
07/28/2021,SOFRAI,0.05,0.02822,0.02495,1.04215733
07/27/2021,SOFRAI,0.05,0.02778,0.02489,1.04215589
07/26/2021,SOFRAI,0.05,0.02733,0.02478,1.04215444
07/23/2021,SOFRAI,0.05,0.026,0.02472,1.0421501
07/22/2021,SOFRAI,0.05,0.02556,0.02472,1.04214865
07/21/2021,SOFRAI,0.05,0.02511,0.02472,1.0421472
07/20/2021,SOFRAI,0.05,0.02467,0.02467,1.04214575
07/19/2021,SOFRAI,0.05,0.02422,0.02472,1.04214431
07/16/2021,SOFRAI,0.04867,0.02289,0.02517,1.04213996
07/15/2021,SOFRAI,0.04733,0.02245,0.02533,1.04213852
07/14/2021,SOFRAI,0.046,0.022,0.0255,1.04213707
07/13/2021,SOFRAI,0.04467,0.02156,0.02567,1.04213562
07/12/2021,SOFRAI,0.04333,0.02111,0.02583,1.04213417
07/09/2021,SOFRAI,0.03933,0.01978,0.02645,1.04212983
07/08/2021,SOFRAI,0.038,0.01933,0.02667,1.04212838
07/07/2021,SOFRAI,0.03667,0.01889,0.02689,1.04212694
07/06/2021,SOFRAI,0.03533,0.01844,0.02717,1.04212549
07/02/2021,SOFRAI,0.03,0.01667,0.02817,1.0421197
07/01/2021,SOFRAI,0.02867,0.01622,0.02828,1.04211825
06/30/2021,SOFRAI,0.02733,0.01578,0.02839,1.0421168
06/29/2021,SOFRAI,0.026,0.01533,0.0285,1.04211536
06/28/2021,SOFRAI,0.02467,0.01489,0.02872,1.04211391
06/25/2021,SOFRAI,0.02067,0.01356,0.02939,1.04210957
06/24/2021,SOFRAI,0.01933,0.01311,0.02956,1.04210812
06/23/2021,SOFRAI,0.018,0.01267,0.02972,1.04210667
06/22/2021,SOFRAI,0.01667,0.01222,0.02989,1.04210523
06/21/2021,SOFRAI,0.01533,0.01178,0.02995,1.04210378
06/18/2021,SOFRAI,0.01133,0.01044,0.0305,1.04209944
06/17/2021,SOFRAI,0.01,0.01,0.03072,1.04209799
06/16/2021,SOFRAI,0.01,0.01,0.03117,1.0420977
06/15/2021,SOFRAI,0.01,0.01,0.03161,1.04209741
06/14/2021,SOFRAI,0.01,0.01,0.03206,1.04209712
06/11/2021,SOFRAI,0.01,0.01,0.03328,1.04209625
06/10/2021,SOFRAI,0.01,0.01,0.03367,1.04209596
06/09/2021,SOFRAI,0.01,0.01,0.03406,1.04209567
06/08/2021,SOFRAI,0.01,0.01011,0.03445,1.04209538
06/07/2021,SOFRAI,0.01,0.01022,0.03484,1.04209509
06/04/2021,SOFRAI,0.01,0.01056,0.036,1.04209423
06/03/2021,SOFRAI,0.01,0.01067,0.03645,1.04209394
06/02/2021,SOFRAI,0.01,0.01078,0.03689,1.04209365
06/01/2021,SOFRAI,0.01,0.01111,0.03728,1.04209336
05/28/2021,SOFRAI,0.01,0.01156,0.03889,1.0420922
05/27/2021,SOFRAI,0.01,0.01156,0.03928,1.04209191
05/26/2021,SOFRAI,0.01,0.01178,0.03967,1.04209162
05/25/2021,SOFRAI,0.01,0.01189,0.04006,1.04209133
05/24/2021,SOFRAI,0.01,0.01189,0.04045,1.04209104
05/21/2021,SOFRAI,0.01,0.01233,0.04123,1.04209017
05/20/2021,SOFRAI,0.01,0.01244,0.04145,1.04208988
05/19/2021,SOFRAI,0.01,0.01267,0.04167,1.04208959
05/18/2021,SOFRAI,0.01,0.01322,0.04195,1.04208931
05/17/2021,SOFRAI,0.01,0.01378,0.04228,1.04208902
05/14/2021,SOFRAI,0.01,0.01511,0.04367,1.04208815
05/13/2021,SOFRAI,0.01,0.01556,0.04412,1.04208786
05/12/2021,SOFRAI,0.01,0.01611,0.04456,1.04208757
05/11/2021,SOFRAI,0.01,0.01667,0.045,1.04208728
05/10/2021,SOFRAI,0.01,0.01711,0.04551,1.04208699
05/07/2021,SOFRAI,0.01,0.01744,0.04701,1.04208612
05/06/2021,SOFRAI,0.01,0.01756,0.04751,1.04208583
05/05/2021,SOFRAI,0.01,0.018,0.04801,1.04208554
05/04/2021,SOFRAI,0.01,0.01867,0.04856,1.04208525
05/03/2021,SOFRAI,0.01,0.01933,0.04906,1.04208496
04/30/2021,SOFRAI,0.01,0.02111,0.05056,1.04208409
04/29/2021,SOFRAI,0.01,0.02167,0.05101,1.04208381
04/28/2021,SOFRAI,0.01,0.022,0.05145,1.04208352
04/27/2021,SOFRAI,0.01,0.02222,0.0519,1.04208323
04/26/2021,SOFRAI,0.01,0.02245,0.05228,1.04208294
04/23/2021,SOFRAI,0.01,0.02389,0.05356,1.04208207
04/22/2021,SOFRAI,0.01,0.02433,0.05395,1.04208178
04/21/2021,SOFRAI,0.01,0.02467,0.05434,1.04208149
04/20/2021,SOFRAI,0.01,0.02522,0.05467,1.0420812
04/19/2021,SOFRAI,0.01,0.02589,0.05501,1.04208091
04/16/2021,SOFRAI,0.01,0.02822,0.05629,1.04208004
04/15/2021,SOFRAI,0.01,0.029,0.05673,1.04207975
04/14/2021,SOFRAI,0.01,0.02978,0.05717,1.04207946
04/13/2021,SOFRAI,0.01,0.03056,0.05767,1.04207917
04/12/2021,SOFRAI,0.01,0.03133,0.05812,1.04207888
04/09/2021,SOFRAI,0.01033,0.034,0.05945,1.04207802
04/08/2021,SOFRAI,0.01067,0.03489,0.0599,1.04207773
04/07/2021,SOFRAI,0.011,0.03589,0.06034,1.04207744
04/06/2021,SOFRAI,0.01133,0.03689,0.06073,1.04207715
04/05/2021,SOFRAI,0.01167,0.038,0.06118,1.04207686
04/01/2021,SOFRAI,0.01433,0.041,0.06312,1.0420757
03/31/2021,SOFRAI,0.01467,0.04167,0.06362,1.04207541
03/30/2021,SOFRAI,0.01467,0.04256,0.06401,1.04207512
03/29/2021,SOFRAI,0.01467,0.04356,0.0644,1.04207483
03/26/2021,SOFRAI,0.01567,0.046,0.06551,1.04207396
03/25/2021,SOFRAI,0.01567,0.04678,0.0659,1.04207367
03/24/2021,SOFRAI,0.01633,0.04756,0.06629,1.04207338
03/23/2021,SOFRAI,0.01667,0.04811,0.06662,1.04207309
03/22/2021,SOFRAI,0.017,0.04878,0.0669,1.04207281
03/19/2021,SOFRAI,0.01967,0.05145,0.06807,1.04207194
03/18/2021,SOFRAI,0.02133,0.05234,0.06851,1.04207165
03/17/2021,SOFRAI,0.02267,0.05323,0.06896,1.04207136
03/16/2021,SOFRAI,0.024,0.05411,0.06946,1.04207107
03/15/2021,SOFRAI,0.02533,0.055,0.06996,1.04207078
03/12/2021,SOFRAI,0.03,0.05734,0.07135,1.04206991
03/11/2021,SOFRAI,0.03133,0.05812,0.07179,1.04206962
03/10/2021,SOFRAI,0.03133,0.05878,0.07218,1.04206904
03/09/2021,SOFRAI,0.03133,0.05945,0.07257,1.04206846
03/08/2021,SOFRAI,0.03133,0.06,0.07296,1.04206788
03/05/2021,SOFRAI,0.034,0.06223,0.07412,1.04206615
03/04/2021,SOFRAI,0.03567,0.063,0.07451,1.04206557
03/03/2021,SOFRAI,0.03667,0.06345,0.07479,1.04206441
03/02/2021,SOFRAI,0.03733,0.06389,0.07513,1.04206325
03/01/2021,SOFRAI,0.03867,0.06456,0.07551,1.04206267
02/26/2021,SOFRAI,0.042,0.06701,0.07674,1.04206181
02/25/2021,SOFRAI,0.042,0.06756,0.07696,1.04206094
02/24/2021,SOFRAI,0.04333,0.06823,0.07724,1.04206036
02/23/2021,SOFRAI,0.04467,0.06901,0.07757,1.04206007
02/22/2021,SOFRAI,0.04533,0.06945,0.07779,1.0420592
02/19/2021,SOFRAI,0.04833,0.07045,0.07874,1.04205746
02/18/2021,SOFRAI,0.04967,0.07067,0.07896,1.0420566
02/17/2021,SOFRAI,0.05033,0.07067,0.07902,1.04205486
02/16/2021,SOFRAI,0.051,0.07078,0.07907,1.04205312
02/12/2021,SOFRAI,0.055,0.07267,0.08002,1.04204733
02/11/2021,SOFRAI,0.05567,0.07301,0.08018,1.0420456
02/10/2021,SOFRAI,0.05667,0.07334,0.08035,1.04204386
02/09/2021,SOFRAI,0.058,0.0739,0.08057,1.04204241
02/08/2021,SOFRAI,0.06033,0.07478,0.08096,1.04204183
02/05/2021,SOFRAI,0.068,0.07745,0.08218,1.0420401
02/04/2021,SOFRAI,0.07,0.07801,0.08241,1.04203865
02/03/2021,SOFRAI,0.071,0.07845,0.08252,1.04203662
02/02/2021,SOFRAI,0.071,0.07879,0.08263,1.0420346
02/01/2021,SOFRAI,0.071,0.07912,0.08274,1.04203257
01/29/2021,SOFRAI,0.07267,0.08034,0.08335,1.04202736
01/28/2021,SOFRAI,0.07467,0.0809,0.08368,1.0420262
01/27/2021,SOFRAI,0.07667,0.08156,0.08407,1.04202533
01/26/2021,SOFRAI,0.07834,0.08212,0.08446,1.04202447
01/25/2021,SOFRAI,0.079,0.08245,0.08463,1.04202273
01/22/2021,SOFRAI,0.08134,0.08356,0.08546,1.04201839
01/21/2021,SOFRAI,0.08234,0.08401,0.0858,1.04201723
01/20/2021,SOFRAI,0.08334,0.08412,0.08602,1.04201549
01/19/2021,SOFRAI,0.084,0.08412,0.08619,1.04201347
01/15/2021,SOFRAI,0.08534,0.08445,0.08691,1.0420042
01/14/2021,SOFRAI,0.08567,0.08456,0.08713,1.04200189
01/13/2021,SOFRAI,0.08567,0.08479,0.08735,1.04199957
01/12/2021,SOFRAI,0.08567,0.0849,0.08757,1.04199726
01/11/2021,SOFRAI,0.08534,0.0849,0.0878,1.04199465
01/08/2021,SOFRAI,0.08434,0.0849,0.08802,1.04198684
01/07/2021,SOFRAI,0.08334,0.08479,0.08802,1.04198394
01/06/2021,SOFRAI,0.08267,0.08456,0.08802,1.04198105
01/05/2021,SOFRAI,0.082,0.08434,0.08796,1.04197787
01/04/2021,SOFRAI,0.08167,0.08434,0.08796,1.04197497
12/31/2020,SOFRAI,0.08334,0.08556,0.08874,1.04196687
12/30/2020,SOFRAI,0.08334,0.08545,0.08885,1.04196426
12/29/2020,SOFRAI,0.08267,0.08523,0.08891,1.04196137
12/28/2020,SOFRAI,0.08234,0.08501,0.08902,1.04195876
12/24/2020,SOFRAI,0.082,0.08501,0.08913,1.0419495
12/23/2020,SOFRAI,0.08167,0.08512,0.08924,1.04194776
12/22/2020,SOFRAI,0.081,0.08501,0.08935,1.04194574
12/21/2020,SOFRAI,0.07967,0.08479,0.0893,1.04194313
12/18/2020,SOFRAI,0.07667,0.08468,0.08913,1.04193532
12/17/2020,SOFRAI,0.07667,0.08468,0.08913,1.04193271
12/16/2020,SOFRAI,0.077,0.08479,0.08913,1.04193011
12/15/2020,SOFRAI,0.077,0.0849,0.08913,1.0419275
12/14/2020,SOFRAI,0.07734,0.08512,0.08919,1.04192519
12/11/2020,SOFRAI,0.07867,0.08545,0.0893,1.04191824
12/10/2020,SOFRAI,0.07934,0.08556,0.0893,1.04191593
12/09/2020,SOFRAI,0.08,0.08568,0.0893,1.04191361
12/08/2020,SOFRAI,0.081,0.0859,0.08935,1.04191159
12/07/2020,SOFRAI,0.08167,0.08601,0.0893,1.04190927
12/04/2020,SOFRAI,0.083,0.08601,0.08902,1.04190146
12/03/2020,SOFRAI,0.08367,0.08612,0.08896,1.04189914
12/02/2020,SOFRAI,0.08467,0.08634,0.08891,1.04189683
12/01/2020,SOFRAI,0.085,0.08645,0.08885,1.04189451
,,,,,
